Survey Year,Trip identifier,Vessel name,Trip start date,Trip end date,GMA,PFMA,Set number,Set date,Start latitude,Start longitude,End latitude,End longitude,Bottom depth (m),Soak time (min),Hook size,Hook spacing (m),Hook count
2003,50080,NEOCALIGUS,8/13/2003,9/9/2003,1,12,1,8/17/2003,50.813333,-127.657666,50.808,-127.646,70,127,13/0,2.44,197
2003,50080,NEOCALIGUS,8/13/2003,9/9/2003,1,12,2,8/17/2003,50.877666,-127.6425,50.8715,-127.6295,55,128,13/0,2.44,230
2003,50080,NEOCALIGUS,8/13/2003,9/9/2003,5,12,3,8/17/2003,50.932666,-127.7695,50.927,-127.758666,85,127,13/0,2.44,222
2003,50080,NEOCALIGUS,8/13/2003,9/9/2003,5,12,4,8/17/2003,50.89635,-127.825183,50.900333,-127.809333,46,127,13/0,2.44,223
2003,50080,NEOCALIGUS,8/13/2003,9/9/2003,1,12,5,8/18/2003,50.865166,-127.460666,50.8645,-127.474,80,122,13/0,2.44,220
2003,50080,NEOCALIGUS,8/13/2003,9/9/2003,1,12,6,8/18/2003,50.888833,-127.4235,50.881666,-127.417,70,134,13/0,2.44,214
2003,50080,NEOCALIGUS,8/13/2003,9/9/2003,1,12,7,8/18/2003,50.88,-127.3875,50.887333,-127.396666,65,121,13/0,2.44,218
2003,50080,NEOCALIGUS,8/13/2003,9/9/2003,1,12,8,8/18/2003,50.876333,-127.235833,50.88,-127.248833,85,120,13/0,2.44,225
2003,50080,NEOCALIGUS,8/13/2003,9/9/2003,1,12,9,8/18/2003,50.842,-127.092833,50.848,-127.101666,93,121,13/0,2.44,220
2003,50080,NEOCALIGUS,8/13/2003,9/9/2003,1,12,10,8/19/2003,50.726583,-127.409466,50.7185,-127.415666,43,124,13/0,2.44,224
2003,50080,NEOCALIGUS,8/13/2003,9/9/2003,1,12,11,8/19/2003,50.903166,-127.0055,50.902166,-127.019833,45,126,13/0,2.44,212
2003,50080,NEOCALIGUS,8/13/2003,9/9/2003,5,11,13,8/20/2003,50.9465,-127.848833,50.948333,-127.834666,54,133,13/0,2.44,209
2003,50080,NEOCALIGUS,8/13/2003,9/9/2003,1,12,15,8/20/2003,50.868166,-126.678833,50.871333,-126.6915,65,127,13/0,2.44,222
2003,50080,NEOCALIGUS,8/13/2003,9/9/2003,1,12,16,8/21/2003,50.869,-126.653166,50.86365,-126.6644,65,111,13/0,2.44,224
2003,50080,NEOCALIGUS,8/13/2003,9/9/2003,1,12,17,8/21/2003,50.847833,-126.608833,50.849833,-126.621833,78,123,13/0,2.44,221
2003,50080,NEOCALIGUS,8/13/2003,9/9/2003,1,12,18,8/21/2003,50.8475,-126.7905,50.844833,-126.804,70,126,13/0,2.44,225
2003,50080,NEOCALIGUS,8/13/2003,9/9/2003,1,12,19,8/21/2003,50.8024,-126.800733,50.808283,-126.793733,45,138,13/0,2.44,215
2003,50080,NEOCALIGUS,8/13/2003,9/9/2003,1,12,20,8/21/2003,50.7705,-126.527166,50.7705,-126.513833,55,122,13/0,2.44,225
2003,50080,NEOCALIGUS,8/13/2003,9/9/2003,1,12,21,8/22/2003,50.674166,-126.692166,50.6735,-126.689166,55,124,13/0,2.44,220
2003,50080,NEOCALIGUS,8/13/2003,9/9/2003,1,12,22,8/22/2003,50.724666,-126.780666,50.725,-126.7945,90,146,13/0,2.44,225
2003,50080,NEOCALIGUS,8/13/2003,9/9/2003,1,12,23,8/22/2003,50.746166,-126.636333,50.743833,-126.649166,59,123,13/0,2.44,226
2003,50080,NEOCALIGUS,8/13/2003,9/9/2003,1,12,24,8/22/2003,50.784666,-126.692333,50.779666,-126.703166,75,120,13/0,2.44,225
2003,50080,NEOCALIGUS,8/13/2003,9/9/2003,1,12,25,8/22/2003,50.798333,-126.573333,50.797833,-126.584333,43,122,13/0,2.44,216
2003,50080,NEOCALIGUS,8/13/2003,9/9/2003,1,12,26,8/23/2003,50.817666,-126.381333,50.82,-126.369166,83,120,13/0,2.44,223
2003,50080,NEOCALIGUS,8/13/2003,9/9/2003,1,12,27,8/23/2003,50.821666,-126.356,50.8275,-126.343833,90,129,13/0,2.44,225
2003,50080,NEOCALIGUS,8/13/2003,9/9/2003,1,12,28,8/23/2003,50.76635,-126.200566,50.762,-126.189833,72,121,13/0,2.44,225
2003,50080,NEOCALIGUS,8/13/2003,9/9/2003,1,12,29,8/23/2003,50.723833,-126.182833,50.720166,-126.177,70,122,13/0,2.44,224
2003,50080,NEOCALIGUS,8/13/2003,9/9/2003,1,12,30,8/23/2003,50.650333,-126.252333,50.653333,-126.241333,73,123,13/0,2.44,225
2003,50080,NEOCALIGUS,8/13/2003,9/9/2003,1,12,31,8/24/2003,50.605166,-126.328333,50.605666,-126.3405,45,126,13/0,2.44,211
2003,50080,NEOCALIGUS,8/13/2003,9/9/2003,1,12,32,8/24/2003,50.628333,-126.434333,50.629333,-126.447666,75,135,13/0,2.44,224
2003,50080,NEOCALIGUS,8/13/2003,9/9/2003,1,12,33,8/24/2003,50.628333,-126.677833,50.632833,-126.688333,60,107,13/0,2.44,223
2003,50080,NEOCALIGUS,8/13/2003,9/9/2003,1,12,34,8/24/2003,50.6085,-126.730666,50.604166,-126.719666,65,120,13/0,2.44,226
2003,50080,NEOCALIGUS,8/13/2003,9/9/2003,1,12,35,8/25/2003,50.673333,-127.152333,50.677333,-127.1415,65,122,13/0,2.44,217
2003,50080,NEOCALIGUS,8/13/2003,9/9/2003,1,12,36,8/25/2003,50.671666,-126.973833,50.671166,-126.9605,59.5,142,13/0,2.44,243
2003,50080,NEOCALIGUS,8/13/2003,9/9/2003,1,12,37,8/25/2003,50.778833,-126.898333,50.787333,-126.903166,75,120,13/0,2.44,230
2003,50080,NEOCALIGUS,8/13/2003,9/9/2003,1,12,38,8/25/2003,50.7985,-126.876333,50.795166,-126.865,72,120,13/0,2.44,226
2003,50080,NEOCALIGUS,8/13/2003,9/9/2003,1,12,39,8/25/2003,50.761833,-126.884166,50.768666,-126.8925,77,123,13/0,2.44,224
2003,50080,NEOCALIGUS,8/13/2003,9/9/2003,1,12,40,8/27/2003,50.628833,-127.191166,50.6415,-127.206166,40,120,13/0,2.44,214
2003,50080,NEOCALIGUS,8/13/2003,9/9/2003,1,12,41,8/27/2003,50.705733,-127.1973,50.71205,-127.181816,84.5,140,13/0,2.44,222
2003,50080,NEOCALIGUS,8/13/2003,9/9/2003,1,12,42,8/27/2003,50.644333,-127.1965,50.6505,-127.205666,43,122,13/0,2.44,194
2003,50080,NEOCALIGUS,8/13/2003,9/9/2003,1,12,43,8/27/2003,50.625333,-127.074166,50.624666,-127.087333,72,126,13/0,2.44,222
2003,50080,NEOCALIGUS,8/13/2003,9/9/2003,1,12,44,8/27/2003,50.6275,-127.047666,50.627666,-127.064833,50,123,13/0,2.44,220
2003,50080,NEOCALIGUS,8/13/2003,9/9/2003,1,12,46,8/28/2003,50.594166,-126.762833,50.601166,-126.774166,90,136,13/0,2.44,221
2003,50080,NEOCALIGUS,8/13/2003,9/9/2003,1,12,48,8/28/2003,50.643833,-126.8455,50.652,-126.849166,75,122,13/0,2.44,224
2003,50080,NEOCALIGUS,8/13/2003,9/9/2003,1,12,49,8/29/2003,50.561283,-126.782383,50.560166,-126.772666,75,120,13/0,2.44,225
2003,50080,NEOCALIGUS,8/13/2003,9/9/2003,1,12,51,8/30/2003,50.5465,-126.283,50.540166,-126.288333,75,120,13/0,2.44,223
2003,50080,NEOCALIGUS,8/13/2003,9/9/2003,1,12,53,8/30/2003,50.5205,-126.301833,50.514133,-126.307966,93,120,13/0,2.44,221
2003,50080,NEOCALIGUS,8/13/2003,9/9/2003,1,12,54,8/30/2003,50.519833,-126.3225,50.518333,-126.335666,62,120,13/0,2.44,226
2003,50080,NEOCALIGUS,8/13/2003,9/9/2003,1,12,55,8/30/2003,50.477333,-126.007,50.473833,-126.0195,93,120,13/0,2.44,223
2003,50080,NEOCALIGUS,8/13/2003,9/9/2003,1,13,56,8/31/2003,50.4465,-125.949333,50.447833,-125.963166,83,121,13/0,2.44,222
2003,50080,NEOCALIGUS,8/13/2003,9/9/2003,1,12,57,8/31/2003,50.434,-126.033166,50.440166,-126.043,79,120,13/0,2.44,225
2003,50080,NEOCALIGUS,8/13/2003,9/9/2003,1,13,58,8/31/2003,50.3675,-125.780666,50.373333,-125.791333,75,110,13/0,2.44,217
2003,50080,NEOCALIGUS,8/13/2003,9/9/2003,1,13,59,8/31/2003,50.390333,-125.538333,50.3875,-125.5505,66,121,13/0,2.44,246
2003,50080,NEOCALIGUS,8/13/2003,9/9/2003,1,13,60,9/1/2003,50.4555,-125.404833,50.449833,-125.414,80,123,13/0,2.44,222
2003,50080,NEOCALIGUS,8/13/2003,9/9/2003,1,13,61,9/1/2003,50.475333,-125.3485,50.481666,-125.3555,86,120,13/0,2.44,224
2003,50080,NEOCALIGUS,8/13/2003,9/9/2003,1,13,62,9/2/2003,50.006166,-125.016,50.014833,-125.017333,50,120,13/0,2.44,236
2003,50080,NEOCALIGUS,8/13/2003,9/9/2003,1,13,63,9/2/2003,50.040216,-125.03945,50.04415,-125.0285,67,122,13/0,2.44,227
2003,50080,NEOCALIGUS,8/13/2003,9/9/2003,1,13,64,9/2/2003,49.9855,-125.1065,49.992333,-125.115333,55,122,13/0,2.44,227
2003,50080,NEOCALIGUS,8/13/2003,9/9/2003,1,13,65,9/2/2003,50.110833,-125.2095,50.118,-125.2165,55,119,13/0,2.44,227
2003,50080,NEOCALIGUS,8/13/2003,9/9/2003,1,13,66,9/3/2003,50.425016,-124.963783,50.431,-124.972333,86,122,13/0,2.44,225
2003,50080,NEOCALIGUS,8/13/2003,9/9/2003,1,13,67,9/3/2003,50.441166,-125.011,50.434333,-125.003666,88,122,13/0,2.44,226
2003,50080,NEOCALIGUS,8/13/2003,9/9/2003,1,13,68,9/3/2003,50.355166,-125.091,50.359833,-125.081666,76,120,13/0,2.44,222
2003,50080,NEOCALIGUS,8/13/2003,9/9/2003,1,13,69,9/3/2003,50.593833,-124.8655,50.598833,-124.876333,85,119,13/0,2.44,223
2003,50080,NEOCALIGUS,8/13/2003,9/9/2003,1,13,70,9/4/2003,50.5005,-125.105666,50.492166,-125.105166,62,120,13/0,2.44,225
2003,50080,NEOCALIGUS,8/13/2003,9/9/2003,1,13,71,9/4/2003,50.465,-125.107166,50.457333,-125.105333,55,118,13/0,2.44,225
2003,50080,NEOCALIGUS,8/13/2003,9/9/2003,1,13,72,9/4/2003,50.4675,-125.0495,50.475166,-125.053,76,119,13/0,2.44,225
2003,50080,NEOCALIGUS,8/13/2003,9/9/2003,1,13,73,9/4/2003,50.379166,-125.059333,50.387333,-125.056166,51,121,13/0,2.44,226
2003,50080,NEOCALIGUS,8/13/2003,9/9/2003,1,13,74,9/4/2003,50.369166,-125.106333,50.363166,-125.1145,50,121,13/0,2.44,225
2003,50080,NEOCALIGUS,8/13/2003,9/9/2003,1,13,75,9/5/2003,50.658166,-125.532666,50.650666,-125.537666,53,121,13/0,2.44,226
2003,50080,NEOCALIGUS,8/13/2003,9/9/2003,1,13,76,9/5/2003,50.620333,-125.554166,50.613333,-125.555666,62,120,13/0,2.44,224
2003,50080,NEOCALIGUS,8/13/2003,9/9/2003,1,13,77,9/5/2003,50.596833,-125.530333,50.604166,-125.5315,42,121,13/0,2.44,225
2003,50080,NEOCALIGUS,8/13/2003,9/9/2003,1,13,78,9/5/2003,50.581,-125.564833,50.574833,-125.558833,63,119,13/0,2.44,225
2003,50080,NEOCALIGUS,8/13/2003,9/9/2003,1,13,79,9/5/2003,50.483666,-125.5715,50.491166,-125.568,51,119,13/0,2.44,225
2003,50080,NEOCALIGUS,8/13/2003,9/9/2003,1,14,80,9/6/2003,49.938833,-125.149,49.942,-125.156333,45,120,13/0,2.44,225
2004,55980,NEOCALIGUS,8/25/2004,9/10/2004,1,12,1,8/26/2004,50.614,-127.079333,50.615333,-127.093,52,120,13/0,2.44,185
2004,55980,NEOCALIGUS,8/25/2004,9/10/2004,1,12,2,8/26/2004,50.5995,-126.911666,50.593666,-126.904833,89,120,13/0,2.44,217
2004,55980,NEOCALIGUS,8/25/2004,9/10/2004,1,12,3,8/26/2004,50.679833,-126.934333,50.675666,-126.946666,57,122,13/0,2.44,221
2004,55980,NEOCALIGUS,8/25/2004,9/10/2004,1,12,4,8/26/2004,50.728333,-126.976166,50.726166,-126.989166,81,121,13/0,2.44,220
2004,55980,NEOCALIGUS,8/25/2004,9/10/2004,1,12,5,8/26/2004,50.696,-126.843833,50.701666,-126.836333,53,120,13/0,2.44,225
2004,55980,NEOCALIGUS,8/25/2004,9/10/2004,1,12,6,8/27/2004,50.774166,-126.896666,50.780666,-126.905666,81,121,13/0,2.44,216
2004,55980,NEOCALIGUS,8/25/2004,9/10/2004,1,12,7,8/27/2004,50.8235,-126.9625,50.826833,-126.972666,47,126,13/0,2.44,226
2004,55980,NEOCALIGUS,8/25/2004,9/10/2004,1,12,8,8/27/2004,50.84,-127.090666,50.846,-127.097,63,122,13/0,2.44,222
2004,55980,NEOCALIGUS,8/25/2004,9/10/2004,1,12,9,8/27/2004,50.817833,-127.0075,50.812333,-127.013833,88,121,13/0,2.44,209
2004,55980,NEOCALIGUS,8/25/2004,9/10/2004,1,12,10,8/27/2004,50.902833,-127.001333,50.902166,-127.013333,62,120,13/0,2.44,228
2004,55980,NEOCALIGUS,8/25/2004,9/10/2004,1,12,11,8/28/2004,50.874,-127.287833,50.876333,-127.299166,85,120,13/0,2.44,226
2004,55980,NEOCALIGUS,8/25/2004,9/10/2004,1,12,12,8/28/2004,50.885,-127.394833,50.8805,-127.386666,66,120,13/0,2.44,225
2004,55980,NEOCALIGUS,8/25/2004,9/10/2004,1,12,13,8/28/2004,50.845666,-127.449333,50.8515,-127.457166,86,120,13/0,2.44,225
2004,55980,NEOCALIGUS,8/25/2004,9/10/2004,1,12,14,8/28/2004,50.807833,-127.482333,50.804166,-127.474166,78,123,13/0,2.44,225
2004,55980,NEOCALIGUS,8/25/2004,9/10/2004,1,12,15,8/28/2004,50.756333,-127.413666,50.751666,-127.406666,82,120,13/0,2.44,227
2004,55980,NEOCALIGUS,8/25/2004,9/10/2004,5,12,16,8/29/2004,50.927,-127.758333,50.933166,-127.768,80,120,13/0,2.44,225
2004,55980,NEOCALIGUS,8/25/2004,9/10/2004,1,12,17,8/29/2004,50.907666,-127.701166,50.916,-127.7125,55,129,13/0,2.44,223
2004,55980,NEOCALIGUS,8/25/2004,9/10/2004,1,11,18,8/29/2004,50.986166,-127.519666,50.9825,-127.507833,75,118,13/0,2.44,224
2004,55980,NEOCALIGUS,8/25/2004,9/10/2004,1,11,19,8/29/2004,50.969666,-127.462,50.9735,-127.473166,65,119,13/0,2.44,225
2004,55980,NEOCALIGUS,8/25/2004,9/10/2004,1,12,21,8/30/2004,50.759666,-126.804666,50.765833,-126.816,87,120,13/0,2.44,225
2004,55980,NEOCALIGUS,8/25/2004,9/10/2004,1,12,22,8/30/2004,50.791666,-126.856166,50.785,-126.853666,77,122,13/0,2.44,225
2004,55980,NEOCALIGUS,8/25/2004,9/10/2004,1,12,23,8/30/2004,50.728666,-126.685666,50.733,-126.696333,46,120,13/0,2.44,225
2004,55980,NEOCALIGUS,8/25/2004,9/10/2004,1,12,24,8/30/2004,50.768333,-126.662666,50.770166,-126.675666,76,126,13/0,2.44,225
2004,55980,NEOCALIGUS,8/25/2004,9/10/2004,1,12,25,8/31/2004,50.898166,-126.783166,50.899,-126.796666,72,120,13/0,2.44,224
2004,55980,NEOCALIGUS,8/25/2004,9/10/2004,1,12,26,8/31/2004,50.856,-126.714833,50.861333,-126.703666,95,120,13/0,2.44,220
2004,55980,NEOCALIGUS,8/25/2004,9/10/2004,1,12,27,8/31/2004,50.878833,-126.566,50.876166,-126.578166,85,120,13/0,2.44,225
2004,55980,NEOCALIGUS,8/25/2004,9/10/2004,1,12,28,8/31/2004,50.8445,-126.601666,50.849666,-126.612333,80,120,13/0,2.44,225
2004,55980,NEOCALIGUS,8/25/2004,9/10/2004,1,12,29,9/1/2004,50.580666,-126.841,50.575166,-126.849833,89,115,13/0,2.44,198
2004,55980,NEOCALIGUS,8/25/2004,9/10/2004,1,12,30,9/1/2004,50.5585,-126.758833,50.561333,-126.7715,62,120,13/0,2.44,217
2004,55980,NEOCALIGUS,8/25/2004,9/10/2004,1,12,31,9/1/2004,50.5255,-126.616,50.526666,-126.627833,75,120,13/0,2.44,224
2004,55980,NEOCALIGUS,8/25/2004,9/10/2004,1,12,32,9/1/2004,50.5065,-126.650666,50.501333,-126.639666,88,121,13/0,2.44,224
2004,55980,NEOCALIGUS,8/25/2004,9/10/2004,1,12,33,9/2/2004,50.658,-126.391666,50.652833,-126.381833,85,119,13/0,2.44,225
2004,55980,NEOCALIGUS,8/25/2004,9/10/2004,1,12,34,9/2/2004,50.785166,-126.195666,50.7935,-126.196166,58,120,13/0,2.44,221
2004,55980,NEOCALIGUS,8/25/2004,9/10/2004,1,12,35,9/2/2004,50.782333,-126.220333,50.788833,-126.226666,88,121,13/0,2.44,225
2004,55980,NEOCALIGUS,8/25/2004,9/10/2004,1,12,36,9/2/2004,50.682833,-126.197833,50.6785,-126.193166,68,120,13/0,2.44,225
2004,55980,NEOCALIGUS,8/25/2004,9/10/2004,1,12,37,9/3/2004,50.605833,-126.337166,50.610833,-126.328333,80,120,13/0,2.44,224
2004,55980,NEOCALIGUS,8/25/2004,9/10/2004,1,12,38,9/3/2004,50.588333,-126.4195,50.593166,-126.408833,55,120,13/0,2.44,225
2004,55980,NEOCALIGUS,8/25/2004,9/10/2004,1,12,39,9/3/2004,50.571333,-126.4975,50.575333,-126.485666,50,120,13/0,2.44,226
2004,55980,NEOCALIGUS,8/25/2004,9/10/2004,1,12,40,9/3/2004,50.569,-126.472,50.568333,-126.469166,56,120,13/0,2.44,227
2004,55980,NEOCALIGUS,8/25/2004,9/10/2004,1,12,41,9/4/2004,50.613,-126.739833,50.608333,-126.729666,90,120,13/0,2.44,225
2004,55980,NEOCALIGUS,8/25/2004,9/10/2004,1,12,42,9/4/2004,50.682833,-126.741,50.67575,-126.738983,87,120,13/0,2.44,225
2004,55980,NEOCALIGUS,8/25/2004,9/10/2004,1,12,43,9/4/2004,50.639666,-126.6405,50.639,-126.6275,48,119,13/0,2.44,225
2004,55980,NEOCALIGUS,8/25/2004,9/10/2004,1,12,44,9/4/2004,50.645,-126.540833,50.643666,-126.553833,44,120,13/0,2.44,220
2004,55980,NEOCALIGUS,8/25/2004,9/10/2004,1,12,45,9/5/2004,50.532166,-126.242333,50.533666,-126.228333,45,120,13/0,2.44,225
2004,55980,NEOCALIGUS,8/25/2004,9/10/2004,1,12,46,9/5/2004,50.536166,-126.255166,50.535166,-126.267,60,120,13/0,2.44,225
2004,55980,NEOCALIGUS,8/25/2004,9/10/2004,1,12,47,9/5/2004,50.459333,-126.1675,50.458333,-126.155,80,119,13/0,2.44,225
2004,55980,NEOCALIGUS,8/25/2004,9/10/2004,1,12,48,9/5/2004,50.459333,-126.125,50.46,-126.138333,95,120,13/0,2.44,230
2004,55980,NEOCALIGUS,8/25/2004,9/10/2004,1,13,49,9/5/2004,50.509166,-125.834166,50.5015,-125.840333,50,120,13/0,2.44,223
2004,55980,NEOCALIGUS,8/25/2004,9/10/2004,1,13,50,9/6/2004,50.482166,-125.574833,50.4895,-125.569166,90,120,13/0,2.44,224
2004,55980,NEOCALIGUS,8/25/2004,9/10/2004,1,13,51,9/6/2004,50.494666,-125.584833,50.502666,-125.579833,100,121,13/0,2.44,225
2004,55980,NEOCALIGUS,8/25/2004,9/10/2004,1,13,52,9/6/2004,50.688666,-125.4535,50.6965,-125.450666,75,119,13/0,2.44,225
2004,55980,NEOCALIGUS,8/25/2004,9/10/2004,1,13,53,9/6/2004,50.6695,-125.507166,50.670166,-125.494833,69,120,13/0,2.44,225
2004,55980,NEOCALIGUS,8/25/2004,9/10/2004,1,13,54,9/6/2004,50.619333,-125.554333,50.612,-125.5555,65,122,13/0,2.44,222
2004,55980,NEOCALIGUS,8/25/2004,9/10/2004,1,13,55,9/7/2004,50.443,-125.425666,50.4485,-125.414166,65,120,13/0,2.44,225
2004,55980,NEOCALIGUS,8/25/2004,9/10/2004,1,13,56,9/7/2004,50.485333,-125.377833,50.493333,-125.3755,76,121,13/0,2.44,225
2004,55980,NEOCALIGUS,8/25/2004,9/10/2004,1,13,57,9/7/2004,50.432833,-125.304333,50.439333,-125.297666,60,119,13/0,2.44,225
2004,55980,NEOCALIGUS,8/25/2004,9/10/2004,1,13,58,9/7/2004,50.459,-125.274166,50.466366,-125.266116,86,120,13/0,2.44,225
2004,55980,NEOCALIGUS,8/25/2004,9/10/2004,1,13,59,9/7/2004,50.48,-125.0535,50.471916,-125.052833,65,120,13/0,2.44,226
2004,55980,NEOCALIGUS,8/25/2004,9/10/2004,1,13,60,9/8/2004,50.6315,-124.900833,50.624,-124.906333,52,119,13/0,2.44,230
2004,55980,NEOCALIGUS,8/25/2004,9/10/2004,1,13,61,9/8/2004,50.625666,-124.876166,50.619833,-124.8705,60,120,13/0,2.44,222
2004,55980,NEOCALIGUS,8/25/2004,9/10/2004,1,13,62,9/8/2004,50.372833,-125.056166,50.380833,-125.058833,56,119,13/0,2.44,225
2004,55980,NEOCALIGUS,8/25/2004,9/10/2004,1,13,63,9/8/2004,50.319833,-125.070833,50.323666,-125.081833,80,118,13/0,2.44,225
2004,55980,NEOCALIGUS,8/25/2004,9/10/2004,1,13,64,9/9/2004,50.350333,-124.993,50.357,-124.984833,55,120,13/0,2.44,221
2004,55980,NEOCALIGUS,8/25/2004,9/10/2004,1,13,65,9/9/2004,50.38,-124.969,50.3885,-124.9745,85,134,13/0,2.44,223
2007,63746,NEOCALIGUS,8/15/2007,9/4/2007,1,12,1,8/16/2007,50.784,-127.547666,50.781166,-127.539666,54,131,13/0,2.44,225
2007,63746,NEOCALIGUS,8/15/2007,9/4/2007,1,12,2,8/16/2007,50.797333,-127.6035,50.7945,-127.596333,45,144,13/0,2.44,225
2007,63746,NEOCALIGUS,8/15/2007,9/4/2007,1,12,3,8/16/2007,50.815833,-127.580333,50.820666,-127.583833,52,126,13/0,2.44,225
2007,63746,NEOCALIGUS,8/15/2007,9/4/2007,1,12,4,8/16/2007,50.824166,-127.630166,50.822333,-127.622,64,132,13/0,2.44,226
2007,63746,NEOCALIGUS,8/15/2007,9/4/2007,5,12,5,8/17/2007,50.8945,-127.971833,50.893833,-127.9635,55,124,13/0,2.44,225
2007,63746,NEOCALIGUS,8/15/2007,9/4/2007,5,11,6,8/17/2007,50.952333,-127.847333,50.948166,-127.8415,48,120,13/0,2.44,226
2007,63746,NEOCALIGUS,8/15/2007,9/4/2007,1,12,7,8/17/2007,50.924166,-127.642333,50.921166,-127.634,85,117,13/0,2.44,226
2007,63746,NEOCALIGUS,8/15/2007,9/4/2007,1,11,8,8/18/2007,50.980666,-127.500166,50.977666,-127.490833,54,121,13/0,2.44,223
2007,63746,NEOCALIGUS,8/15/2007,9/4/2007,1,12,9,8/18/2007,50.935416,-127.581883,50.9355,-127.593733,100,124,13/0,2.44,228
2007,63746,NEOCALIGUS,8/15/2007,9/4/2007,1,12,10,8/18/2007,50.951333,-127.509166,50.948166,-127.502666,95,132,13/0,2.44,230
2007,63746,NEOCALIGUS,8/15/2007,9/4/2007,1,12,11,8/18/2007,50.922833,-127.452,50.927166,-127.444166,91,124,13/0,2.44,230
2007,63746,NEOCALIGUS,8/15/2007,9/4/2007,1,12,12,8/19/2007,50.825166,-127.480166,50.821333,-127.475166,85,122,13/0,2.44,223
2007,63746,NEOCALIGUS,8/15/2007,9/4/2007,1,12,13,8/19/2007,50.872666,-127.424,50.877666,-127.428166,56,127,13/0,2.44,223
2007,63746,NEOCALIGUS,8/15/2007,9/4/2007,1,12,14,8/19/2007,50.886,-127.364166,50.891333,-127.362166,107,125,13/0,2.44,228
2007,63746,NEOCALIGUS,8/15/2007,9/4/2007,1,12,15,8/19/2007,50.869,-127.214666,50.870166,-127.222833,54,122,13/0,2.44,225
2007,63746,NEOCALIGUS,8/15/2007,9/4/2007,1,12,16,8/20/2007,50.761833,-126.904833,50.760666,-126.896166,90,123,13/0,2.44,224
2007,63746,NEOCALIGUS,8/15/2007,9/4/2007,1,12,17,8/20/2007,50.727666,-126.9765,50.724333,-126.984666,93,110,13/0,2.44,225
2007,63746,NEOCALIGUS,8/15/2007,9/4/2007,1,12,18,8/20/2007,50.728666,-127.033666,50.728666,-127.0255,98,123,13/0,2.44,225
2007,63746,NEOCALIGUS,8/15/2007,9/4/2007,1,12,19,8/20/2007,50.675333,-127.009833,50.676833,-127.001,88,118,13/0,2.44,228
2007,63746,NEOCALIGUS,8/15/2007,9/4/2007,1,12,20,8/21/2007,50.802666,-127.126,50.802833,-127.1345,110,119,13/0,2.44,224
2007,63746,NEOCALIGUS,8/15/2007,9/4/2007,1,12,21,8/21/2007,50.713166,-127.212833,50.712166,-127.221833,90,121,13/0,2.44,227
2007,63746,NEOCALIGUS,8/15/2007,9/4/2007,1,12,22,8/21/2007,50.696666,-127.321333,50.6935,-127.314,50,131,13/0,2.44,223
2007,63746,NEOCALIGUS,8/15/2007,9/4/2007,1,12,23,8/21/2007,50.683666,-127.215833,50.6805,-127.2235,90,118,13/0,2.44,224
2007,63746,NEOCALIGUS,8/15/2007,9/4/2007,1,12,24,8/22/2007,50.5675,-126.874666,50.573166,-126.877166,85,121,13/0,2.44,223
2007,63746,NEOCALIGUS,8/15/2007,9/4/2007,1,12,26,8/22/2007,50.6155,-126.810333,50.612,-126.818666,95,123,13/0,2.44,225
2007,63746,NEOCALIGUS,8/15/2007,9/4/2007,1,12,27,8/22/2007,50.597,-126.887666,50.592,-126.8865,95,131,13/0,2.44,224
2007,63746,NEOCALIGUS,8/15/2007,9/4/2007,1,12,28,8/23/2007,50.621166,-127.1115,50.620833,-127.119,50,122,13/0,2.44,225
2007,63746,NEOCALIGUS,8/15/2007,9/4/2007,1,12,29,8/24/2007,50.7755,-126.706166,50.772166,-126.712666,50,120,13/0,2.44,227
2007,63746,NEOCALIGUS,8/15/2007,9/4/2007,1,12,30,8/24/2007,50.766833,-126.658,50.763833,-126.6515,53,120,13/0,2.44,224
2007,63746,NEOCALIGUS,8/15/2007,9/4/2007,1,12,31,8/24/2007,50.834,-126.582333,50.829983,-126.5766,60,122,13/0,2.44,223
2007,63746,NEOCALIGUS,8/15/2007,9/4/2007,1,12,32,8/25/2007,50.742666,-126.563333,50.739333,-126.5705,51,121,13/0,2.44,225
2007,63746,NEOCALIGUS,8/15/2007,9/4/2007,1,12,33,8/25/2007,50.727,-126.577666,50.722333,-126.582166,60,122,13/0,2.44,230
2007,63746,NEOCALIGUS,8/15/2007,9/4/2007,1,12,34,8/25/2007,50.7215,-126.636,50.720166,-126.643,80,121,13/0,2.44,223
2007,63746,NEOCALIGUS,8/15/2007,9/4/2007,1,12,35,8/25/2007,50.709333,-126.728333,50.714833,-126.729,53,123,13/0,2.44,226
2007,63746,NEOCALIGUS,8/15/2007,9/4/2007,1,12,36,8/26/2007,50.669,-126.682,50.671,-126.689833,60,124,13/0,2.44,225
2007,63746,NEOCALIGUS,8/15/2007,9/4/2007,1,12,37,8/28/2007,50.603666,-126.7375,50.602666,-126.726333,144,131,13/0,2.44,217
2007,63746,NEOCALIGUS,8/15/2007,9/4/2007,1,12,38,8/28/2007,50.593,-126.732166,50.5895,-126.722333,58,129,13/0,2.44,229
2007,63746,NEOCALIGUS,8/15/2007,9/4/2007,1,12,39,8/28/2007,50.499666,-126.633833,50.496666,-126.621833,66,128,13/0,2.44,211
2007,63746,NEOCALIGUS,8/15/2007,9/4/2007,1,12,40,8/28/2007,50.54,-126.77,50.545,-126.780833,120,155,13/0,2.44,203
2007,63746,NEOCALIGUS,8/15/2007,9/4/2007,1,12,41,8/29/2007,50.515,-126.496,50.513833,-126.4885,75,133,13/0,2.44,218
2007,63746,NEOCALIGUS,8/15/2007,9/4/2007,1,12,42,8/29/2007,50.4855,-126.402666,50.482333,-126.4145,100,158,13/0,2.44,225
2007,63746,NEOCALIGUS,8/15/2007,9/4/2007,1,12,43,8/29/2007,50.497666,-126.2245,50.497333,-126.214166,100,124,13/0,2.44,224
2007,63746,NEOCALIGUS,8/15/2007,9/4/2007,1,12,44,8/30/2007,50.472833,-126.0405,50.4715,-126.030333,53,111,13/0,2.44,223
2007,63746,NEOCALIGUS,8/15/2007,9/4/2007,1,13,46,8/30/2007,50.454666,-125.925666,50.459,-125.915833,95,111,13/0,2.44,224
2007,63746,NEOCALIGUS,8/15/2007,9/4/2007,1,13,47,8/31/2007,50.507833,-125.588,50.506333,-125.581333,51,128,13/0,2.44,205
2007,63746,NEOCALIGUS,8/15/2007,9/4/2007,1,13,48,8/31/2007,50.534,-125.549,50.5375,-125.539666,150,131,13/0,2.44,225
2007,63746,NEOCALIGUS,8/15/2007,9/4/2007,1,13,49,8/31/2007,50.44,-125.447,50.440166,-125.435833,80,126,13/0,2.44,225
2007,63746,NEOCALIGUS,8/15/2007,9/4/2007,1,13,50,9/1/2007,50.403333,-125.340333,50.397666,-125.348333,79,119,13/0,2.44,217
2007,63746,NEOCALIGUS,8/15/2007,9/4/2007,1,13,51,9/1/2007,50.390666,-125.328833,50.396666,-125.322333,105,125,13/0,2.44,213
2007,63746,NEOCALIGUS,8/15/2007,9/4/2007,1,13,52,9/1/2007,50.4955,-125.261,50.492666,-125.258666,102,128,13/0,2.44,225
2007,63746,NEOCALIGUS,8/15/2007,9/4/2007,1,13,53,9/1/2007,50.457,-125.265,50.457166,-125.273833,40,114,13/0,2.44,225
2007,63746,NEOCALIGUS,8/15/2007,9/4/2007,1,13,54,9/2/2007,50.524,-125.015166,50.527,-125.004166,45,148,13/0,2.44,220
2007,63746,NEOCALIGUS,8/15/2007,9/4/2007,1,13,55,9/2/2007,50.508,-124.966666,50.512,-124.959333,62,139,13/0,2.44,225
2007,63746,NEOCALIGUS,8/15/2007,9/4/2007,1,13,56,9/2/2007,50.425666,-125.058333,50.419166,-125.058166,67,137,13/0,2.44,225
2007,63746,NEOCALIGUS,8/15/2007,9/4/2007,1,13,57,9/2/2007,50.373833,-125.099333,50.376833,-125.089666,35,130,13/0,2.44,225
2007,63746,NEOCALIGUS,8/15/2007,9/4/2007,1,13,58,9/3/2007,50.322666,-125.076833,50.325833,-125.086333,71,126,13/0,2.44,222
2007,63746,NEOCALIGUS,8/15/2007,9/4/2007,1,13,59,9/3/2007,50.2985,-125.0415,50.303666,-125.0365,92,118,13/0,2.44,223
2007,63746,NEOCALIGUS,8/15/2007,9/4/2007,1,13,60,9/3/2007,50.131833,-125.121333,50.1265,-125.130833,52,110,13/0,2.44,230
2007,63746,NEOCALIGUS,8/15/2007,9/4/2007,1,13,61,9/3/2007,50.112833,-125.088,50.111,-125.077,52,127,13/0,2.44,227
2007,63746,NEOCALIGUS,8/15/2007,9/4/2007,1,13,62,9/4/2007,50.043333,-125.071,50.035833,-125.065166,24,110,13/0,2.44,225
2007,63746,NEOCALIGUS,8/15/2007,9/4/2007,1,13,63,9/4/2007,50.0305,-125.011333,50.036833,-125.007166,101,124,13/0,2.44,217
2007,63746,NEOCALIGUS,8/15/2007,9/4/2007,1,13,64,9/4/2007,49.985333,-125.110333,49.981333,-125.123333,33,121,13/0,2.44,226
2007,63746,NEOCALIGUS,8/15/2007,9/4/2007,1,NA,900,8/28/2007,NA,NA,NA,NA,NA,NA,NA,NA,NA
2008,66007,NEOCALIGUS,8/15/2008,9/3/2008,1,16,1,8/16/2008,49.4965,-123.940666,49.504166,-123.931,85,116,13/0,2.44,221
2008,66007,NEOCALIGUS,8/15/2008,9/3/2008,1,16,2,8/17/2008,49.525166,-124.1375,49.516,-124.1295,40,121,13/0,2.44,227
2008,66007,NEOCALIGUS,8/15/2008,9/3/2008,1,16,3,8/17/2008,49.564333,-124.180166,49.557833,-124.170166,60,139,13/0,2.44,234
2008,66007,NEOCALIGUS,8/15/2008,9/3/2008,1,16,4,8/17/2008,49.630833,-124.076666,49.623333,-124.080666,50,110,13/0,2.44,223
2008,66007,NEOCALIGUS,8/15/2008,9/3/2008,1,16,5,8/18/2008,49.754666,-124.093166,49.754166,-124.105333,78,121,13/0,2.44,222
2008,66007,NEOCALIGUS,8/15/2008,9/3/2008,1,16,6,8/18/2008,49.780666,-124.132166,49.779333,-124.147,100,125,13/0,2.44,220
2008,66007,NEOCALIGUS,8/15/2008,9/3/2008,1,16,7,8/18/2008,49.754,-124.1785,49.753,-124.190333,70,121,13/0,2.44,227
2008,66007,NEOCALIGUS,8/15/2008,9/3/2008,1,16,8,8/18/2008,49.718,-124.227833,49.7255,-124.227333,80,120,13/0,2.44,224
2008,66007,NEOCALIGUS,8/15/2008,9/3/2008,1,15,9,8/19/2008,49.7365,-124.297333,49.7335,-124.286,85,121,13/0,2.44,223
2008,66007,NEOCALIGUS,8/15/2008,9/3/2008,1,15,10,8/19/2008,49.718166,-124.382833,49.716166,-124.369,90,133,13/0,2.44,225
2008,66007,NEOCALIGUS,8/15/2008,9/3/2008,1,15,11,8/19/2008,49.798333,-124.595333,49.791666,-124.5925,80,122,13/0,2.44,223
2008,66007,NEOCALIGUS,8/15/2008,9/3/2008,1,13,12,8/20/2008,50.389833,-125.543,50.391833,-125.56,45,120,13/0,2.44,225
2008,66007,NEOCALIGUS,8/15/2008,9/3/2008,1,12,13,8/21/2008,50.8205,-126.225333,50.8245,-126.231666,85,124,13/0,2.44,222
2008,66007,NEOCALIGUS,8/15/2008,9/3/2008,1,12,14,8/21/2008,50.811333,-126.204833,50.818666,-126.1985,90,123,13/0,2.44,216
2008,66007,NEOCALIGUS,8/15/2008,9/3/2008,1,12,15,8/21/2008,50.7765,-126.2155,50.784,-126.221833,85,119,13/0,2.44,224
2008,66007,NEOCALIGUS,8/15/2008,9/3/2008,1,12,16,8/21/2008,50.766666,-126.201333,50.7615,-126.189833,52,120,13/0,2.44,216
2008,66007,NEOCALIGUS,8/15/2008,9/3/2008,1,12,17,8/22/2008,50.619666,-126.284,50.613,-126.279,55,120,13/0,2.44,226
2008,66007,NEOCALIGUS,8/15/2008,9/3/2008,1,12,18,8/22/2008,50.666333,-126.192666,50.663666,-126.204333,55,135,13/0,2.44,225
2008,66007,NEOCALIGUS,8/15/2008,9/3/2008,1,12,19,8/22/2008,50.659,-126.414,50.658,-126.403166,45,115,13/0,2.44,224
2008,66007,NEOCALIGUS,8/15/2008,9/3/2008,1,13,20,8/23/2008,50.446666,-125.995833,50.453833,-126.003,95,121,13/0,2.44,225
2008,66007,NEOCALIGUS,8/15/2008,9/3/2008,1,13,21,8/23/2008,50.400833,-125.851833,50.4045,-125.866666,95,127,13/0,2.44,219
2008,66007,NEOCALIGUS,8/15/2008,9/3/2008,1,13,22,8/23/2008,50.420333,-125.1505,50.413833,-125.162,60,120,13/0,2.44,224
2008,66007,NEOCALIGUS,8/15/2008,9/3/2008,1,15,23,8/23/2008,50.121,-124.911166,50.1285,-124.916666,40,120,13/0,2.44,222
2008,66007,NEOCALIGUS,8/15/2008,9/3/2008,1,15,24,8/24/2008,50.0775,-124.776333,50.0765,-124.788,55,119,13/0,2.44,225
2008,66007,NEOCALIGUS,8/15/2008,9/3/2008,1,15,25,8/24/2008,50.121666,-124.697833,50.116,-124.700333,70,122,13/0,2.44,220
2008,66007,NEOCALIGUS,8/15/2008,9/3/2008,1,15,26,8/25/2008,50.238833,-124.822,50.245666,-124.822666,60,123,13/0,2.44,225
2008,66007,NEOCALIGUS,8/15/2008,9/3/2008,1,15,27,8/25/2008,50.2685,-124.659166,50.262666,-124.6555,70,126,13/0,2.44,221
2008,66007,NEOCALIGUS,8/15/2008,9/3/2008,1,15,28,8/25/2008,50.188,-124.617333,50.182,-124.6185,60,126,13/0,2.44,226
2008,66007,NEOCALIGUS,8/15/2008,9/3/2008,1,14,29,8/26/2008,49.937666,-125.150833,49.943666,-125.158833,40,120,13/0,2.44,209
2008,66007,NEOCALIGUS,8/15/2008,9/3/2008,1,14,30,8/26/2008,49.906166,-125.120166,49.900666,-125.113666,63,120,13/0,2.44,224
2008,66007,NEOCALIGUS,8/15/2008,9/3/2008,1,13,31,8/26/2008,50.0545,-125.1655,50.0625,-125.1665,50,111,13/0,2.44,221
2008,66007,NEOCALIGUS,8/15/2008,9/3/2008,1,15,32,8/27/2008,50.219833,-124.969833,50.214833,-124.965666,70,119,13/0,2.44,225
2008,66007,NEOCALIGUS,8/15/2008,9/3/2008,1,13,33,8/27/2008,50.259166,-125.0395,50.253833,-125.033833,58,116,13/0,2.44,224
2008,66007,NEOCALIGUS,8/15/2008,9/3/2008,1,13,34,8/27/2008,50.303166,-125.102833,50.297333,-125.095333,55,120,13/0,2.44,222
2008,66007,NEOCALIGUS,8/15/2008,9/3/2008,1,13,35,8/27/2008,50.307,-125.106,50.315,-125.107,87,120,13/0,2.44,224
2008,66007,NEOCALIGUS,8/15/2008,9/3/2008,1,15,36,8/28/2008,50.312333,-124.965,50.305166,-124.967,78,119,13/0,2.44,225
2008,66007,NEOCALIGUS,8/15/2008,9/3/2008,1,15,37,8/28/2008,50.329166,-124.9505,50.333666,-124.959333,85,118,13/0,2.44,210
2008,66007,NEOCALIGUS,8/15/2008,9/3/2008,1,13,38,8/28/2008,50.327333,-124.99,50.327333,-125.000666,54,119,13/0,2.44,223
2008,66007,NEOCALIGUS,8/15/2008,9/3/2008,1,13,39,8/28/2008,50.3405,-125.013833,50.342833,-125.023833,80,120,13/0,2.44,225
2008,66007,NEOCALIGUS,8/15/2008,9/3/2008,1,15,40,8/29/2008,50.009,-124.937666,50.004,-124.948333,54,120,13/0,2.44,230
2008,66007,NEOCALIGUS,8/15/2008,9/3/2008,1,13,41,8/29/2008,50.005833,-124.993166,49.998333,-124.994,50,118,13/0,2.44,223
2008,66007,NEOCALIGUS,8/15/2008,9/3/2008,1,15,42,8/29/2008,50.018666,-124.921666,50.023666,-124.914333,90,122,13/0,2.44,221
2008,66007,NEOCALIGUS,8/15/2008,9/3/2008,1,14,43,8/29/2008,49.868833,-124.828,49.8755,-124.833666,93,120,13/0,2.44,222
2008,66007,NEOCALIGUS,8/15/2008,9/3/2008,1,15,44,8/30/2008,49.850833,-124.554333,49.844,-124.546166,89,122,13/0,2.44,224
2008,66007,NEOCALIGUS,8/15/2008,9/3/2008,1,15,45,8/30/2008,49.902666,-124.651333,49.896833,-124.643833,85,119,13/0,2.44,226
2008,66007,NEOCALIGUS,8/15/2008,9/3/2008,1,15,46,8/30/2008,49.869166,-124.7145,49.871833,-124.723666,88,124,13/0,2.44,222
2008,66007,NEOCALIGUS,8/15/2008,9/3/2008,1,15,47,8/30/2008,49.842833,-124.687833,49.846833,-124.697666,90,119,13/0,2.44,224
2008,66007,NEOCALIGUS,8/15/2008,9/3/2008,1,14,48,8/31/2008,49.581666,-124.760333,49.5755,-124.751333,58,119,13/0,2.44,224
2008,66007,NEOCALIGUS,8/15/2008,9/3/2008,1,14,49,9/1/2008,49.522833,-124.7305,49.517333,-124.722166,48,120,13/0,2.44,223
2008,66007,NEOCALIGUS,8/15/2008,9/3/2008,1,16,50,9/1/2008,49.515833,-124.301833,49.516666,-124.288833,60,121,13/0,2.44,223
2008,66007,NEOCALIGUS,8/15/2008,9/3/2008,1,16,51,9/1/2008,49.4905,-124.1705,49.493666,-124.1805,60,119,13/0,2.44,224
2008,66007,NEOCALIGUS,8/15/2008,9/3/2008,1,17,52,9/2/2008,49.437,-124.1335,49.436166,-124.146,85,119,13/0,2.44,223
2008,66007,NEOCALIGUS,8/15/2008,9/3/2008,1,14,53,9/2/2008,49.4475,-124.198666,49.450166,-124.208333,96,119,13/0,2.44,223
2008,66007,NEOCALIGUS,8/15/2008,9/3/2008,1,17,54,9/2/2008,49.255,-124.0155,49.255166,-124.005166,77,119,13/0,2.44,224
2008,66007,NEOCALIGUS,8/15/2008,9/3/2008,1,17,55,9/2/2008,49.211,-123.9165,49.207333,-123.927333,40,120,13/0,2.44,224
2008,66007,NEOCALIGUS,8/15/2008,9/3/2008,1,17,56,9/3/2008,49.204166,-123.868833,49.203166,-123.88,44,122,13/0,2.44,225
2008,66007,NEOCALIGUS,8/15/2008,9/3/2008,1,17,57,9/3/2008,49.145,-123.8535,49.145516,-123.842983,52,120,13/0,2.44,225
2010,69948,NEOCALIGUS,8/10/2010,9/3/2010,1,13,1,8/11/2010,50.19105,-125.062766,50.186716,-125.0565,58,120,13/0,2.44,225
2010,69948,NEOCALIGUS,8/10/2010,9/3/2010,1,13,2,8/11/2010,50.1845,-124.98275,50.179583,-124.98845,90,121,13/0,2.44,225
2010,69948,NEOCALIGUS,8/10/2010,9/3/2010,1,13,3,8/11/2010,50.155466,-125.1724,50.150183,-125.17715,85,122,13/0,2.44,225
2010,69948,NEOCALIGUS,8/10/2010,9/3/2010,1,13,4,8/12/2010,50.262583,-125.371916,50.2675,-125.378816,80,123,13/0,2.44,213
2010,69948,NEOCALIGUS,8/10/2010,9/3/2010,1,13,5,8/12/2010,50.239916,-125.371933,50.2462,-125.373183,80,123,13/0,2.44,221
2010,69948,NEOCALIGUS,8/10/2010,9/3/2010,1,13,6,8/13/2010,50.321533,-125.436533,50.32675,-125.438,60,127,13/0,2.44,225
2010,69948,NEOCALIGUS,8/10/2010,9/3/2010,1,13,7,8/13/2010,50.344283,-125.473516,50.3487,-125.478633,63,123,13/0,2.44,225
2010,69948,NEOCALIGUS,8/10/2010,9/3/2010,1,13,8,8/13/2010,50.384883,-125.592683,50.390666,-125.583683,60,122,13/0,2.44,215
2010,69948,NEOCALIGUS,8/10/2010,9/3/2010,1,13,9,8/13/2010,50.355533,-125.51515,50.355616,-125.5237,60,125,13/0,2.44,222
2010,69948,NEOCALIGUS,8/10/2010,9/3/2010,1,13,10,8/14/2010,50.4356,-125.60885,50.430833,-125.612416,58,123,13/0,2.44,225
2010,69948,NEOCALIGUS,8/10/2010,9/3/2010,1,13,11,8/14/2010,50.44655,-125.758166,50.442016,-125.74885,48,123,13/0,2.44,225
2010,69948,NEOCALIGUS,8/10/2010,9/3/2010,1,12,12,8/15/2010,50.649833,-126.281083,50.646733,-126.289566,57,123,13/0,2.44,225
2010,69948,NEOCALIGUS,8/10/2010,9/3/2010,1,12,13,8/15/2010,50.633916,-126.256966,50.632616,-126.26665,50,124,13/0,2.44,225
2010,69948,NEOCALIGUS,8/10/2010,9/3/2010,1,12,14,8/15/2010,50.601166,-126.35655,50.602966,-126.349416,90,120,13/0,2.44,222
2010,69948,NEOCALIGUS,8/10/2010,9/3/2010,1,12,15,8/15/2010,50.593416,-126.401516,50.592366,-126.411866,60,125,13/0,2.44,225
2010,69948,NEOCALIGUS,8/10/2010,9/3/2010,1,12,16,8/17/2010,50.89795,-126.8798,50.899083,-126.872066,60,121,13/0,2.44,225
2010,69948,NEOCALIGUS,8/10/2010,9/3/2010,1,12,17,8/17/2010,50.801316,-126.875833,50.797166,-126.8698,50,124,13/0,2.44,225
2010,69948,NEOCALIGUS,8/10/2010,9/3/2010,1,12,18,8/17/2010,50.821883,-126.963833,50.818716,-126.954233,60,131,13/0,2.44,225
2010,69948,NEOCALIGUS,8/10/2010,9/3/2010,1,12,19,8/18/2010,50.681883,-126.709966,50.676616,-126.7068,60,127,13/0,2.44,225
2010,69948,NEOCALIGUS,8/10/2010,9/3/2010,1,12,20,8/18/2010,50.581166,-126.423933,50.580633,-126.43365,50,110,13/0,2.44,225
2010,69948,NEOCALIGUS,8/10/2010,9/3/2010,1,12,21,8/18/2010,50.588616,-126.542883,50.589716,-126.552666,50,121,13/0,2.44,225
2010,69948,NEOCALIGUS,8/10/2010,9/3/2010,1,12,22,8/19/2010,50.589833,-126.879733,50.586083,-126.88925,54,133,13/0,2.44,225
2010,69948,NEOCALIGUS,8/10/2010,9/3/2010,1,12,23,8/19/2010,50.556883,-126.867866,50.553833,-126.8593,55,129,13/0,2.44,225
2010,69948,NEOCALIGUS,8/10/2010,9/3/2010,1,12,24,8/19/2010,50.652983,-126.854033,50.658216,-126.860916,70,127,13/0,2.44,225
2010,69948,NEOCALIGUS,8/10/2010,9/3/2010,1,12,25,8/19/2010,50.644033,-126.84645,50.648916,-126.8532,55,124,13/0,2.44,225
2010,69948,NEOCALIGUS,8/10/2010,9/3/2010,1,12,26,8/20/2010,50.545833,-126.790016,50.548,-126.799983,80,128,13/0,2.44,227
2010,69948,NEOCALIGUS,8/10/2010,9/3/2010,1,12,27,8/21/2010,50.784566,-126.687516,50.785716,-126.678666,58,119,13/0,2.44,224
2010,69948,NEOCALIGUS,8/10/2010,9/3/2010,1,12,28,8/21/2010,50.801433,-126.545466,50.805083,-126.55145,55,116,13/0,2.44,225
2010,69948,NEOCALIGUS,8/10/2010,9/3/2010,1,12,29,8/21/2010,50.7457,-126.5489,50.744266,-126.559716,60,120,13/0,2.44,224
2010,69948,NEOCALIGUS,8/10/2010,9/3/2010,1,12,30,8/22/2010,50.693333,-127.136583,50.693366,-127.12675,125,119,13/0,2.44,225
2010,69948,NEOCALIGUS,8/10/2010,9/3/2010,1,12,31,8/22/2010,50.675366,-127.131666,50.671166,-127.140983,45,117,13/0,2.44,227
2010,69948,NEOCALIGUS,8/10/2010,9/3/2010,1,12,32,8/23/2010,50.616566,-127.12355,50.61695,-127.135933,50,118,13/0,2.44,227
2010,69948,NEOCALIGUS,8/10/2010,9/3/2010,1,12,33,8/23/2010,50.85575,-126.582983,50.862116,-126.587466,60,119,13/0,2.44,222
2010,69948,NEOCALIGUS,8/10/2010,9/3/2010,1,12,34,8/24/2010,50.832666,-126.4921,50.829016,-126.495366,47,124,13/0,2.44,225
2010,69948,NEOCALIGUS,8/10/2010,9/3/2010,1,12,35,8/24/2010,50.784366,-126.430266,50.784733,-126.4207,50,120,13/0,2.44,225
2010,69948,NEOCALIGUS,8/10/2010,9/3/2010,1,12,36,8/24/2010,50.837833,-126.2601,50.841433,-126.261416,80,120,13/0,2.44,225
2010,69948,NEOCALIGUS,8/10/2010,9/3/2010,1,12,37,8/24/2010,50.833566,-126.3719,50.8376,-126.365983,89,122,13/0,2.44,225
2010,69948,NEOCALIGUS,8/10/2010,9/3/2010,1,12,38,8/25/2010,50.833783,-126.2531,50.8371,-126.2586,55,122,13/0,2.44,223
2010,69948,NEOCALIGUS,8/10/2010,9/3/2010,1,12,39,8/25/2010,50.816166,-126.226766,50.820666,-126.22595,80,122,13/0,2.44,225
2010,69948,NEOCALIGUS,8/10/2010,9/3/2010,1,12,40,8/25/2010,50.779116,-126.180883,50.779566,-126.18885,82,120,13/0,2.44,225
2010,69948,NEOCALIGUS,8/10/2010,9/3/2010,1,12,41,8/25/2010,50.773433,-126.213916,50.778966,-126.217633,95,121,13/0,2.44,225
2010,69948,NEOCALIGUS,8/10/2010,9/3/2010,1,12,42,8/26/2010,50.742333,-126.125366,50.737966,-126.128666,50,121,13/0,2.44,226
2010,69948,NEOCALIGUS,8/10/2010,9/3/2010,1,12,43,8/26/2010,50.554466,-126.7156,50.5544,-126.706033,83,124,13/0,2.44,224
2010,69948,NEOCALIGUS,8/10/2010,9/3/2010,1,12,44,8/26/2010,50.503,-126.644466,50.499966,-126.638433,50,121,13/0,2.44,224
2010,69948,NEOCALIGUS,8/10/2010,9/3/2010,1,12,45,8/27/2010,50.484083,-126.38825,50.484833,-126.398666,70,119,13/0,2.44,225
2010,69948,NEOCALIGUS,8/10/2010,9/3/2010,1,12,46,8/27/2010,50.439266,-126.048133,50.435233,-126.040983,65,120,13/0,2.44,225
2010,69948,NEOCALIGUS,8/10/2010,9/3/2010,1,13,47,8/27/2010,50.4464,-125.958416,50.446116,-125.94945,80,121,13/0,2.44,223
2010,69948,NEOCALIGUS,8/10/2010,9/3/2010,1,13,48,8/28/2010,50.44635,-125.943083,50.448016,-125.936166,73,122,13/0,2.44,224
2010,69948,NEOCALIGUS,8/10/2010,9/3/2010,1,13,49,8/28/2010,50.453683,-125.96015,50.456033,-125.968483,74,118,13/0,2.44,224
2010,69948,NEOCALIGUS,8/10/2010,9/3/2010,1,13,50,8/28/2010,50.376816,-125.749983,50.377566,-125.758566,60,123,13/0,2.44,224
2010,69948,NEOCALIGUS,8/10/2010,9/3/2010,1,13,51,8/29/2010,49.9614,-125.1782,49.963983,-125.1832,44,121,13/0,2.44,224
2010,69948,NEOCALIGUS,8/10/2010,9/3/2010,1,13,52,8/29/2010,49.975783,-125.12695,49.97345,-125.135133,89,127,13/0,2.44,224
2010,69948,NEOCALIGUS,8/10/2010,9/3/2010,1,13,53,8/29/2010,50.062383,-125.022366,50.056983,-125.022066,55,122,13/0,2.44,225
2010,69948,NEOCALIGUS,8/10/2010,9/3/2010,1,13,54,8/30/2010,50.199283,-124.981916,50.204366,-124.983316,65,120,13/0,2.44,224
2010,69948,NEOCALIGUS,8/10/2010,9/3/2010,1,13,55,8/30/2010,50.216833,-125.0024,50.2198,-125.00565,55,120,13/0,2.44,224
2010,69948,NEOCALIGUS,8/10/2010,9/3/2010,1,13,56,8/30/2010,50.269433,-125.050483,50.274916,-125.053683,50,120,13/0,2.44,226
2010,69948,NEOCALIGUS,8/10/2010,9/3/2010,1,13,57,8/31/2010,50.533933,-124.996866,50.537616,-124.990233,50,121,13/0,2.44,225
2010,69948,NEOCALIGUS,8/10/2010,9/3/2010,1,13,58,8/31/2010,50.5503,-124.993316,50.5553,-124.993466,56,119,13/0,2.44,225
2010,69948,NEOCALIGUS,8/10/2010,9/3/2010,1,13,59,8/31/2010,50.394333,-125.102283,50.39085,-125.096933,50,118,13/0,2.44,226
2010,69948,NEOCALIGUS,8/10/2010,9/3/2010,1,13,60,8/31/2010,50.399683,-125.111166,50.404583,-125.114016,50,119,13/0,2.44,225
2010,69948,NEOCALIGUS,8/10/2010,9/3/2010,1,13,61,9/1/2010,50.499966,-125.356766,50.480016,-125.351416,78,122,13/0,2.44,225
2010,69948,NEOCALIGUS,8/10/2010,9/3/2010,1,13,62,9/1/2010,50.450366,-125.410366,50.447433,-125.4156,55,119,13/0,2.44,226
2010,69948,NEOCALIGUS,8/10/2010,9/3/2010,1,13,63,9/1/2010,50.4313,-125.499616,50.4267,-125.503683,48,144,13/0,2.44,224
2010,69948,NEOCALIGUS,8/10/2010,9/3/2010,1,13,64,9/1/2010,50.50495,-125.553933,50.509733,-125.551183,50,119,13/0,2.44,226
2012,72810,NEOCALIGUS,8/7/2012,8/27/2012,1,13,1,8/8/2012,50.011083,-125.042316,50.011666,-125.041666,87,120,13/0,2.44,224
2012,72890,NEOCALIGUS,9/11/2012,9/21/2012,1,13,1,9/12/2012,50.425633,-125.245533,50.432266,-125.255983,94,124,13/0,2.44,225
2012,72810,NEOCALIGUS,8/7/2012,8/27/2012,1,13,2,8/8/2012,50.028466,-125.039433,50.0336,-125.035916,51,121,13/0,2.44,225
2012,72890,NEOCALIGUS,9/11/2012,9/21/2012,1,13,2,9/12/2012,50.441233,-125.229383,50.445583,-125.234233,81,125,13/0,2.44,221
2012,72810,NEOCALIGUS,8/7/2012,8/27/2012,1,13,3,8/8/2012,50.053333,-125.235,50.062783,-125.2394,67,124,13/0,2.44,219
2012,72890,NEOCALIGUS,9/11/2012,9/21/2012,1,13,3,9/12/2012,50.5501,-124.9924,50.555466,-124.99315,61,126,13/0,2.44,214
2012,72810,NEOCALIGUS,8/7/2012,8/27/2012,1,13,4,8/8/2012,50.071766,-125.246483,50.0812,-125.2583,48,122,13/0,2.44,225
2012,72890,NEOCALIGUS,9/11/2012,9/21/2012,1,13,4,9/12/2012,50.58535,-124.871816,50.590166,-124.869783,72,123,13/0,2.44,223
2012,72890,NEOCALIGUS,9/11/2012,9/21/2012,1,13,5,9/13/2012,50.321283,-125.172916,50.316766,-125.177933,65,122,13/0,2.44,222
2012,72810,NEOCALIGUS,8/7/2012,8/27/2012,1,13,5,8/9/2012,50.245,-125.373333,50.2394,-125.3706,78,121,13/0,2.44,226
2012,72810,NEOCALIGUS,8/7/2012,8/27/2012,1,13,6,8/9/2012,50.27,-125.38,50.2643,-125.375183,83,120,13/0,2.44,225
2012,72890,NEOCALIGUS,9/11/2012,9/21/2012,1,13,6,9/13/2012,50.32855,-125.08585,50.331533,-125.07915,59,122,13/0,2.44,226
2012,72810,NEOCALIGUS,8/7/2012,8/27/2012,1,13,7,8/9/2012,50.305866,-125.278266,50.304216,-125.286733,88,124,13/0,2.44,225
2012,72890,NEOCALIGUS,9/11/2012,9/21/2012,1,13,7,9/13/2012,50.341683,-125.003,50.340383,-125.011566,88,124,13/0,2.44,224
2012,72810,NEOCALIGUS,8/7/2012,8/27/2012,1,13,8,8/10/2012,50.4158,-125.309766,50.4192,-125.30405,58,122,13/0,2.44,224
2012,72890,NEOCALIGUS,9/11/2012,9/21/2012,1,13,8,9/13/2012,50.3241,-125.0807,50.321666,-125.0734,66,123,13/0,2.44,222
2012,72810,NEOCALIGUS,8/7/2012,8/27/2012,1,13,9,8/10/2012,50.398716,-125.3483,50.4042,-125.343983,58,122,13/0,2.44,226
2012,72890,NEOCALIGUS,9/11/2012,9/21/2012,1,13,9,9/14/2012,50.097066,-125.1771,50.102166,-125.1811,57,122,13/0,2.44,221
2012,72890,NEOCALIGUS,9/11/2012,9/21/2012,1,13,10,9/14/2012,50.123666,-125.063166,50.12805,-125.059016,59,122,13/0,2.44,224
2012,72810,NEOCALIGUS,8/7/2012,8/27/2012,1,13,10,8/10/2012,50.476033,-125.349216,50.481833,-125.355333,90,124,13/0,2.44,226
2012,72810,NEOCALIGUS,8/7/2012,8/27/2012,1,13,11,8/10/2012,50.450983,-125.410616,50.446316,-125.417883,59,123,13/0,2.44,225
2012,72890,NEOCALIGUS,9/11/2012,9/21/2012,1,13,11,9/14/2012,50.234033,-125.00845,50.22845,-125.009066,55,122,13/0,2.44,226
2012,72810,NEOCALIGUS,8/7/2012,8/27/2012,1,13,12,8/11/2012,50.460133,-125.5913,50.465566,-125.584483,58,127,13/0,2.44,226
2012,72890,NEOCALIGUS,9/11/2012,9/21/2012,1,13,12,9/14/2012,50.290633,-125.078233,50.284933,-125.075016,81,123,13/0,2.44,225
2012,72810,NEOCALIGUS,8/7/2012,8/27/2012,1,13,13,8/11/2012,50.550916,-125.52445,50.55605,-125.5294,66,122,13/0,2.44,225
2012,72890,NEOCALIGUS,9/11/2012,9/21/2012,1,13,13,9/15/2012,50.388866,-125.526633,50.38825,-125.53655,58,123,13/0,2.44,223
2012,72810,NEOCALIGUS,8/7/2012,8/27/2012,1,13,14,8/11/2012,50.460166,-125.611116,50.454933,-125.613366,59,125,13/0,2.44,226
2012,72890,NEOCALIGUS,9/11/2012,9/21/2012,1,13,14,9/15/2012,50.355633,-125.370816,50.355133,-125.3782,54,123,13/0,2.44,225
2012,72810,NEOCALIGUS,8/7/2012,8/27/2012,1,13,15,8/11/2012,50.42515,-125.7303,50.422216,-125.738133,91,121,13/0,2.44,227
2012,72810,NEOCALIGUS,8/7/2012,8/27/2012,1,13,16,8/12/2012,50.400516,-125.96025,50.4042,-125.968,60,124,13/0,2.44,225
2012,72810,NEOCALIGUS,8/7/2012,8/27/2012,1,13,17,8/12/2012,50.421516,-125.947933,50.4146,-125.9393,82,125,13/0,2.44,225
2012,72810,NEOCALIGUS,8/7/2012,8/27/2012,1,13,18,8/12/2012,50.47885,-125.788616,50.48355,-125.782066,88,120,13/0,2.44,226
2012,72810,NEOCALIGUS,8/7/2012,8/27/2012,1,12,19,8/13/2012,50.612616,-126.2946,50.609833,-126.2871,60,121,13/0,2.44,225
2012,72810,NEOCALIGUS,8/7/2012,8/27/2012,1,12,20,8/13/2012,50.605833,-126.33985,50.605316,-126.331133,60,124,13/0,2.44,225
2012,72810,NEOCALIGUS,8/7/2012,8/27/2012,1,12,21,8/13/2012,50.58135,-126.42495,50.580516,-126.433983,55,122,13/0,2.44,226
2012,72810,NEOCALIGUS,8/7/2012,8/27/2012,1,12,22,8/13/2012,50.590733,-126.555916,50.588933,-126.547166,48,122,13/0,2.44,225
2012,72810,NEOCALIGUS,8/7/2012,8/27/2012,1,12,23,8/14/2012,50.586916,-126.37535,50.587383,-126.384816,58,121,13/0,2.44,226
2012,72810,NEOCALIGUS,8/7/2012,8/27/2012,1,12,24,8/14/2012,50.6295,-126.397016,50.6297,-126.388333,55,122,13/0,2.44,227
2012,72810,NEOCALIGUS,8/7/2012,8/27/2012,1,12,25,8/14/2012,50.66755,-126.445583,50.669916,-126.454133,60,119,13/0,2.44,223
2012,72810,NEOCALIGUS,8/7/2012,8/27/2012,1,12,26,8/15/2012,50.56125,-126.770416,50.56355,-126.779966,55,118,13/0,2.44,225
2012,72810,NEOCALIGUS,8/7/2012,8/27/2012,1,12,27,8/15/2012,50.5539,-126.71075,50.554466,-126.7197,88,122,13/0,2.44,224
2012,72810,NEOCALIGUS,8/7/2012,8/27/2012,1,12,28,8/15/2012,50.582316,-126.802816,50.579816,-126.794716,58,122,13/0,2.44,225
2012,72810,NEOCALIGUS,8/7/2012,8/27/2012,1,12,29,8/15/2012,50.574533,-126.852916,50.573866,-126.86165,61,127,13/0,2.44,225
2012,72810,NEOCALIGUS,8/7/2012,8/27/2012,1,12,30,8/16/2012,50.669433,-126.742783,50.67515,-126.745883,83,129,13/0,2.44,225
2012,72810,NEOCALIGUS,8/7/2012,8/27/2012,1,12,31,8/16/2012,50.67135,-126.691866,50.669216,-126.683616,56,124,13/0,2.44,225
2012,72810,NEOCALIGUS,8/7/2012,8/27/2012,1,12,32,8/16/2012,50.711983,-126.680433,50.712933,-126.67145,54,124,13/0,2.44,225
2012,72810,NEOCALIGUS,8/7/2012,8/27/2012,1,12,33,8/16/2012,50.675433,-126.696916,50.673966,-126.7058,63,125,13/0,2.44,223
2012,72810,NEOCALIGUS,8/7/2012,8/27/2012,1,12,34,8/17/2012,50.679833,-127.15825,50.680583,-127.166766,90,123,13/0,2.44,225
2012,72810,NEOCALIGUS,8/7/2012,8/27/2012,1,12,35,8/17/2012,50.673633,-127.1435,50.67415,-127.133083,53,124,13/0,2.44,215
2012,72810,NEOCALIGUS,8/7/2012,8/27/2012,1,12,36,8/18/2012,50.617866,-126.88325,50.61995,-126.873666,45,122,13/0,2.44,210
2012,72810,NEOCALIGUS,8/7/2012,8/27/2012,1,12,37,8/18/2012,50.769083,-126.681716,50.77005,-126.67285,56,119,13/0,2.44,221
2012,72810,NEOCALIGUS,8/7/2012,8/27/2012,1,12,38,8/18/2012,50.801516,-126.616433,50.797466,-126.623133,54,119,13/0,2.44,219
2012,72810,NEOCALIGUS,8/7/2012,8/27/2012,1,12,39,8/19/2012,50.7655,-126.69745,50.761516,-126.70575,62,121,13/0,2.44,225
2012,72810,NEOCALIGUS,8/7/2012,8/27/2012,1,12,40,8/19/2012,50.77685,-126.8421,50.773833,-126.834633,83,122,13/0,2.44,224
2012,72810,NEOCALIGUS,8/7/2012,8/27/2012,1,12,41,8/19/2012,50.747266,-127.030583,50.746283,-127.022133,84,121,13/0,2.44,220
2012,72810,NEOCALIGUS,8/7/2012,8/27/2012,1,12,42,8/19/2012,50.6781,-127.02915,50.673483,-127.019866,98,119,13/0,2.44,223
2012,72810,NEOCALIGUS,8/7/2012,8/27/2012,1,12,43,8/20/2012,50.68195,-127.1318,50.683383,-127.142,85,120,13/0,2.44,223
2012,72810,NEOCALIGUS,8/7/2012,8/27/2012,1,12,44,8/20/2012,50.676083,-127.052066,50.677283,-127.06085,82,121,13/0,2.44,225
2012,72810,NEOCALIGUS,8/7/2012,8/27/2012,1,12,45,8/20/2012,50.673333,-126.988333,50.6736,-126.996766,90,122,13/0,2.44,223
2012,72810,NEOCALIGUS,8/7/2012,8/27/2012,1,12,46,8/20/2012,50.67425,-126.89355,50.670066,-126.886983,62,126,13/0,2.44,225
2012,72810,NEOCALIGUS,8/7/2012,8/27/2012,1,12,47,8/21/2012,50.89725,-126.857166,50.9002,-126.864433,52,122,13/0,2.44,224
2012,72810,NEOCALIGUS,8/7/2012,8/27/2012,1,12,48,8/21/2012,50.87855,-126.757,50.883716,-126.759916,54,123,13/0,2.44,223
2012,72810,NEOCALIGUS,8/7/2012,8/27/2012,1,12,49,8/21/2012,50.827816,-126.51945,50.827383,-126.528083,62,123,13/0,2.44,223
2012,72810,NEOCALIGUS,8/7/2012,8/27/2012,1,12,50,8/21/2012,50.80155,-126.48905,50.801033,-126.497416,52,123,13/0,2.44,225
2012,72810,NEOCALIGUS,8/7/2012,8/27/2012,1,12,51,8/22/2012,50.831783,-126.3732,50.829633,-126.381716,96,123,13/0,2.44,225
2012,72810,NEOCALIGUS,8/7/2012,8/27/2012,1,12,53,8/22/2012,50.8064,-126.202583,50.800616,-126.201633,69,121,13/0,2.44,225
2012,72810,NEOCALIGUS,8/7/2012,8/27/2012,1,12,54,8/22/2012,50.7427,-126.156966,50.74145,-126.166216,60,125,13/0,2.44,226
2012,72810,NEOCALIGUS,8/7/2012,8/27/2012,1,12,55,8/23/2012,50.6423,-126.195966,50.640216,-126.203733,61,121,13/0,2.44,224
2012,72810,NEOCALIGUS,8/7/2012,8/27/2012,1,12,56,8/23/2012,50.6442,-126.139933,50.643116,-126.149016,97,122,13/0,2.44,228
2012,72810,NEOCALIGUS,8/7/2012,8/27/2012,1,12,57,8/23/2012,50.721466,-126.17015,50.719366,-126.178,55,121,13/0,2.44,226
2012,72810,NEOCALIGUS,8/7/2012,8/27/2012,1,12,58,8/24/2012,50.5129,-126.4184,50.514383,-126.409183,54,118,13/0,2.44,225
2012,72810,NEOCALIGUS,8/7/2012,8/27/2012,1,12,59,8/24/2012,50.478466,-126.303266,50.474866,-126.29665,62,121,13/0,2.44,224
2012,72810,NEOCALIGUS,8/7/2012,8/27/2012,1,12,60,8/24/2012,50.4753,-126.06135,50.47835,-126.069483,58,122,13/0,2.44,226
2012,72810,NEOCALIGUS,8/7/2012,8/27/2012,1,13,61,8/25/2012,50.392333,-125.938383,50.39175,-125.929483,60,125,13/0,2.44,222
2012,72810,NEOCALIGUS,8/7/2012,8/27/2012,1,13,62,8/25/2012,50.37605,-125.742466,50.37725,-125.7507,51,123,13/0,2.44,220
2012,72810,NEOCALIGUS,8/7/2012,8/27/2012,1,13,63,8/25/2012,50.35855,-125.71335,50.359316,-125.706033,63,124,13/0,2.44,227
2014,76550,NEOCALIGUS,8/5/2014,8/25/2014,1,13,1,8/6/2014,50.024916,-125.0441,50.02235,-125.051416,57,123,13/0,2.44,224
2014,76550,NEOCALIGUS,8/5/2014,8/25/2014,1,13,2,8/6/2014,50.024416,-125.051483,50.028166,-125.056966,47,119,13/0,2.44,222
2014,76550,NEOCALIGUS,8/5/2014,8/25/2014,1,13,3,8/6/2014,49.9758,-125.100516,49.975716,-125.108883,89,118,13/0,2.44,227
2014,76550,NEOCALIGUS,8/5/2014,8/25/2014,1,13,4,8/6/2014,49.975183,-125.119883,49.973816,-125.130566,87,120,13/0,2.44,225
2014,76550,NEOCALIGUS,8/5/2014,8/25/2014,1,13,5,8/7/2014,50.13355,-125.12155,50.137666,-125.117266,65,122,13/0,2.44,225
2014,76550,NEOCALIGUS,8/5/2014,8/25/2014,1,13,6,8/7/2014,50.25305,-125.026216,50.257233,-125.022633,64,118,13/0,2.44,225
2014,76550,NEOCALIGUS,8/5/2014,8/25/2014,1,13,7,8/7/2014,50.3775,-124.967283,50.382083,-124.970216,82,115,13/0,2.44,225
2014,76550,NEOCALIGUS,8/5/2014,8/25/2014,1,13,8,8/7/2014,50.423483,-124.989983,50.428066,-124.995566,64,125,13/0,2.44,225
2014,76550,NEOCALIGUS,8/5/2014,8/25/2014,1,13,9,8/8/2014,50.605566,-124.914033,50.611783,-124.909366,63,117,13/0,2.44,224
2014,76550,NEOCALIGUS,8/5/2014,8/25/2014,1,13,10,8/8/2014,50.624533,-124.876,50.620183,-124.871316,91,119,13/0,2.44,222
2014,76550,NEOCALIGUS,8/5/2014,8/25/2014,1,13,11,8/8/2014,50.583416,-124.960433,50.578666,-124.96875,77,127,13/0,2.44,225
2014,76550,NEOCALIGUS,8/5/2014,8/25/2014,1,13,12,8/8/2014,50.516233,-124.953466,50.510866,-124.962366,79,128,13/0,2.44,222
2014,76550,NEOCALIGUS,8/5/2014,8/25/2014,1,13,13,8/8/2014,50.484733,-125.03925,50.4826,-125.047833,91,119,13/0,2.44,225
2014,76550,NEOCALIGUS,8/5/2014,8/25/2014,1,13,14,8/9/2014,50.3218,-125.112833,50.3251,-125.1204,57,120,13/0,2.44,225
2014,76550,NEOCALIGUS,8/5/2014,8/25/2014,1,13,15,8/9/2014,50.453383,-125.324533,50.457766,-125.331383,88,118,13/0,2.44,225
2014,76550,NEOCALIGUS,8/5/2014,8/25/2014,1,13,16,8/9/2014,50.447983,-125.43685,50.446066,-125.447016,50,121,13/0,2.44,225
2014,76550,NEOCALIGUS,8/5/2014,8/25/2014,1,13,17,8/10/2014,50.467466,-125.582183,50.462533,-125.58885,58,120,13/0,2.44,225
2014,76550,NEOCALIGUS,8/5/2014,8/25/2014,1,13,18,8/10/2014,50.390816,-125.553966,50.392066,-125.562566,47,124,13/0,2.44,226
2014,76550,NEOCALIGUS,8/5/2014,8/25/2014,1,13,19,8/10/2014,50.358916,-125.706833,50.358533,-125.717283,49,135,13/0,2.44,219
2014,76550,NEOCALIGUS,8/5/2014,8/25/2014,1,12,20,8/11/2014,50.454233,-126.1046,50.4523,-126.0951,55,121,13/0,2.44,225
2014,76550,NEOCALIGUS,8/5/2014,8/25/2014,1,12,21,8/11/2014,50.435566,-126.037216,50.435166,-126.0346,84,120,13/0,2.44,222
2014,76550,NEOCALIGUS,8/5/2014,8/25/2014,1,12,22,8/12/2014,50.815816,-126.49965,50.81505,-126.491783,57,119,13/0,2.44,223
2014,76550,NEOCALIGUS,8/5/2014,8/25/2014,1,12,23,8/12/2014,50.820016,-126.4343,50.8178,-126.441983,60,127,13/0,2.44,225
2014,76550,NEOCALIGUS,8/5/2014,8/25/2014,1,12,24,8/12/2014,50.830966,-126.376666,50.829283,-126.384066,93,124,13/0,2.44,225
2014,76550,NEOCALIGUS,8/5/2014,8/25/2014,1,12,25,8/12/2014,50.816933,-126.385683,50.8184,-126.376583,59,120,13/0,2.44,225
2014,76550,NEOCALIGUS,8/5/2014,8/25/2014,1,12,26,8/12/2014,50.791116,-126.420566,50.791283,-126.428666,58,119,13/0,2.44,225
2014,76550,NEOCALIGUS,8/5/2014,8/25/2014,1,12,27,8/13/2014,50.83925,-126.360366,50.836766,-126.369216,84,120,13/0,2.44,225
2014,76550,NEOCALIGUS,8/5/2014,8/25/2014,1,12,28,8/13/2014,50.833083,-126.300866,50.833416,-126.309633,56,120,13/0,2.44,225
2014,76550,NEOCALIGUS,8/5/2014,8/25/2014,1,12,29,8/13/2014,50.832583,-126.250616,50.832,-126.241383,55,123,13/0,2.44,225
2014,76550,NEOCALIGUS,8/5/2014,8/25/2014,1,12,30,8/13/2014,50.800283,-126.202033,50.805816,-126.202916,82,120,13/0,2.44,225
2014,76550,NEOCALIGUS,8/5/2014,8/25/2014,1,12,31,8/13/2014,50.818716,-126.225183,50.814333,-126.2271,84,119,13/0,2.44,225
2014,76550,NEOCALIGUS,8/5/2014,8/25/2014,1,12,32,8/14/2014,50.749816,-126.152916,50.74565,-126.150483,85,120,13/0,2.44,224
2014,76550,NEOCALIGUS,8/5/2014,8/25/2014,1,12,33,8/14/2014,50.732583,-126.138216,50.729483,-126.144683,60,119,13/0,2.44,226
2014,76550,NEOCALIGUS,8/5/2014,8/25/2014,1,12,34,8/14/2014,50.667783,-126.18295,50.668266,-126.1743,48,120,13/0,2.44,225
2014,76550,NEOCALIGUS,8/5/2014,8/25/2014,1,12,35,8/14/2014,50.648883,-126.371616,50.6508,-126.3791,55,118,13/0,2.44,225
2014,76550,NEOCALIGUS,8/5/2014,8/25/2014,1,13,37,8/16/2014,50.066666,-125.2397,50.06195,-125.2391,59,130,13/0,2.44,225
2014,76550,NEOCALIGUS,8/5/2014,8/25/2014,1,13,38,8/16/2014,50.07585,-125.271566,50.08045,-125.2784,52,117,13/0,2.44,215
2014,76550,NEOCALIGUS,8/5/2014,8/25/2014,1,13,39,8/16/2014,50.1838,-125.379533,50.1879,-125.3808,55,121,13/0,2.44,226
2014,76550,NEOCALIGUS,8/5/2014,8/25/2014,1,13,40,8/17/2014,50.360016,-125.358616,50.361083,-125.35,59,119,13/0,2.44,225
2014,76550,NEOCALIGUS,8/5/2014,8/25/2014,1,13,41,8/17/2014,50.327416,-125.406633,50.322516,-125.405533,52,118,13/0,2.44,223
2014,76550,NEOCALIGUS,8/5/2014,8/25/2014,1,13,42,8/17/2014,50.30655,-125.237516,50.308583,-125.244916,51,121,13/0,2.44,220
2014,76550,NEOCALIGUS,8/5/2014,8/25/2014,1,13,43,8/18/2014,50.389616,-125.909266,50.388333,-125.901366,55,118,13/0,2.44,225
2014,76550,NEOCALIGUS,8/5/2014,8/25/2014,1,13,44,8/18/2014,50.4123,-125.846116,50.410683,-125.837783,87,122,13/0,2.44,222
2014,76550,NEOCALIGUS,8/5/2014,8/25/2014,1,12,45,8/18/2014,50.4819,-126.44055,50.485466,-126.4456,90,118,13/0,2.44,224
2014,76550,NEOCALIGUS,8/5/2014,8/25/2014,1,12,46,8/19/2014,50.535333,-126.756766,50.534016,-126.747933,54,119,13/0,2.44,225
2014,76550,NEOCALIGUS,8/5/2014,8/25/2014,1,12,47,8/19/2014,50.520516,-126.698233,50.518566,-126.68965,89,118,13/0,2.44,225
2014,76550,NEOCALIGUS,8/5/2014,8/25/2014,1,12,48,8/19/2014,50.595166,-126.737733,50.591383,-126.730716,65,117,13/0,2.44,220
2014,76550,NEOCALIGUS,8/5/2014,8/25/2014,1,12,49,8/19/2014,50.625583,-126.75095,50.62095,-126.745016,67,120,13/0,2.44,225
2014,76550,NEOCALIGUS,8/5/2014,8/25/2014,1,12,50,8/19/2014,50.606366,-126.7254,50.6097,-126.732433,92,122,13/0,2.44,214
2014,76550,NEOCALIGUS,8/5/2014,8/25/2014,1,12,51,8/20/2014,50.614633,-127.0961,50.615716,-127.10495,58,120,13/0,2.44,225
2014,76550,NEOCALIGUS,8/5/2014,8/25/2014,1,12,52,8/20/2014,50.676383,-126.752183,50.6708,-126.751716,89,119,13/0,2.44,225
2014,76550,NEOCALIGUS,8/5/2014,8/25/2014,1,12,53,8/20/2014,50.695716,-126.85465,50.69515,-126.845766,62,120,13/0,2.44,225
2014,76550,NEOCALIGUS,8/5/2014,8/25/2014,1,12,54,8/20/2014,50.785016,-126.682616,50.784766,-126.674866,57,119,13/0,2.44,225
2014,76550,NEOCALIGUS,8/5/2014,8/25/2014,1,12,55,8/21/2014,50.8933,-126.85245,50.894216,-126.84335,56,119,13/0,2.44,225
2014,76550,NEOCALIGUS,8/5/2014,8/25/2014,1,12,56,8/21/2014,50.930316,-126.8586,50.925016,-126.859083,50,120,13/0,2.44,225
2014,76550,NEOCALIGUS,8/5/2014,8/25/2014,1,12,57,8/21/2014,50.896966,-126.979966,50.897316,-126.971166,48,120,13/0,2.44,225
2014,76550,NEOCALIGUS,8/5/2014,8/25/2014,1,12,58,8/22/2014,50.8165,-127.0377,50.813816,-127.03005,53,120,13/0,2.44,225
2014,76550,NEOCALIGUS,8/5/2014,8/25/2014,1,12,59,8/22/2014,50.8241,-127.070083,50.820116,-127.063833,63,120,13/0,2.44,225
2014,76550,NEOCALIGUS,8/5/2014,8/25/2014,1,12,60,8/22/2014,50.7534,-127.042516,50.750116,-127.03615,87,120,13/0,2.44,225
2014,76550,NEOCALIGUS,8/5/2014,8/25/2014,1,12,61,8/22/2014,50.672383,-127.0047,50.671466,-126.9953,66,120,13/0,2.44,234
2014,76550,NEOCALIGUS,8/5/2014,8/25/2014,1,12,62,8/23/2014,50.60775,-126.909516,50.604616,-126.916083,46,120,13/0,2.44,225
2016,79290,NEOCALIGUS,8/1/2016,8/23/2016,1,13,1,8/2/2016,50.183466,-125.0761,50.19125,-125.082566,106,117,13/0,2.44,231
2016,79290,NEOCALIGUS,8/1/2016,8/23/2016,1,13,2,8/2/2016,50.2166,-125.03435,50.22275,-125.037116,97,120,13/0,2.44,223
2016,79290,NEOCALIGUS,8/1/2016,8/23/2016,1,13,3,8/2/2016,50.318533,-125.069866,50.323333,-125.0774,63,119,13/0,2.44,233
2016,79290,NEOCALIGUS,8/1/2016,8/23/2016,1,13,4,8/2/2016,50.369233,-125.0587,50.362933,-125.0668,91,119,13/0,2.44,231
2016,79290,NEOCALIGUS,8/1/2016,8/23/2016,1,13,5,8/3/2016,50.575966,-124.97365,50.581416,-124.9637,95,121,13/0,2.44,230
2016,79290,NEOCALIGUS,8/1/2016,8/23/2016,1,13,6,8/3/2016,50.523666,-125.02085,50.528266,-125.009833,60,119,13/0,2.44,229
2016,79290,NEOCALIGUS,8/1/2016,8/23/2016,1,13,7,8/3/2016,50.51255,-125.055133,50.5118,-125.04605,65,119,13/0,2.44,230
2016,79290,NEOCALIGUS,8/1/2016,8/23/2016,1,13,8,8/3/2016,50.4989,-124.993266,50.49635,-125.002316,87,121,13/0,2.44,227
2016,79290,NEOCALIGUS,8/1/2016,8/23/2016,1,13,9,8/3/2016,50.485233,-125.035683,50.485883,-125.024683,95,119,13/0,2.44,227
2016,79290,NEOCALIGUS,8/1/2016,8/23/2016,1,13,10,8/4/2016,50.454116,-125.100333,50.458283,-125.106966,53,121,13/0,2.44,225
2016,79290,NEOCALIGUS,8/1/2016,8/23/2016,1,13,11,8/4/2016,50.3904,-125.091883,50.39375,-125.1011,65,120,13/0,2.44,226
2016,79290,NEOCALIGUS,8/1/2016,8/23/2016,1,13,12,8/4/2016,50.459283,-125.27235,50.46325,-125.2663,91,120,13/0,2.44,226
2016,79290,NEOCALIGUS,8/1/2016,8/23/2016,1,13,13,8/5/2016,50.43625,-125.32445,50.442316,-125.320383,61,121,13/0,2.44,231
2016,79290,NEOCALIGUS,8/1/2016,8/23/2016,1,13,14,8/5/2016,50.446233,-125.284133,50.4421,-125.291783,91,119,13/0,2.44,230
2016,79290,NEOCALIGUS,8/1/2016,8/23/2016,1,13,15,8/5/2016,50.4616,-125.352016,50.462566,-125.359716,63,122,13/0,2.44,229
2016,79290,NEOCALIGUS,8/1/2016,8/23/2016,1,13,16,8/5/2016,50.511816,-125.37595,50.517266,-125.378833,47,120,13/0,2.44,235
2016,79290,NEOCALIGUS,8/1/2016,8/23/2016,1,13,17,8/6/2016,50.455183,-125.425716,50.457233,-125.41775,53,120,13/0,2.44,228
2016,79290,NEOCALIGUS,8/1/2016,8/23/2016,1,13,18,8/6/2016,50.3819,-125.863566,50.3825,-125.87185,88,119,13/0,2.44,235
2016,79290,NEOCALIGUS,8/1/2016,8/23/2016,1,13,19,8/6/2016,50.381366,-125.777416,50.3795,-125.7695,80,119,13/0,2.44,229
2016,79290,NEOCALIGUS,8/1/2016,8/23/2016,1,13,20,8/7/2016,50.422116,-126.002383,50.424633,-126.009766,64,120,13/0,2.44,231
2016,79290,NEOCALIGUS,8/1/2016,8/23/2016,1,13,21,8/7/2016,50.464116,-125.903716,50.461666,-125.913116,78,120,13/0,2.44,230
2016,79290,NEOCALIGUS,8/1/2016,8/23/2016,1,12,22,8/7/2016,50.443233,-126.066566,50.445466,-126.074283,60,122,13/0,2.44,228
2016,79290,NEOCALIGUS,8/1/2016,8/23/2016,1,12,23,8/7/2016,50.458733,-126.153166,50.45745,-126.160666,91,122,13/0,2.44,230
2016,79290,NEOCALIGUS,8/1/2016,8/23/2016,1,12,24,8/8/2016,50.60845,-126.282616,50.611216,-126.2911,53,120,13/0,2.44,228
2016,79290,NEOCALIGUS,8/1/2016,8/23/2016,1,12,25,8/8/2016,50.599566,-126.362066,50.5952,-126.368533,50,148,13/0,2.44,229
2016,79290,NEOCALIGUS,8/1/2016,8/23/2016,1,12,26,8/8/2016,50.629633,-126.386916,50.629516,-126.395516,66,120,13/0,2.44,237
2016,79290,NEOCALIGUS,8/1/2016,8/23/2016,1,12,27,8/8/2016,50.66705,-126.440366,50.668683,-126.449716,54,120,13/0,2.44,235
2016,79290,NEOCALIGUS,8/1/2016,8/23/2016,1,12,28,8/9/2016,50.843783,-126.262216,50.83895,-126.261416,57,120,13/0,2.44,239
2016,79290,NEOCALIGUS,8/1/2016,8/23/2016,1,12,29,8/9/2016,50.83025,-126.267433,50.832416,-126.275533,91,120,13/0,2.44,233
2016,79290,NEOCALIGUS,8/1/2016,8/23/2016,1,12,30,8/9/2016,50.826516,-126.55685,50.82795,-126.566316,63,120,13/0,2.44,233
2016,79290,NEOCALIGUS,8/1/2016,8/23/2016,1,12,31,8/9/2016,50.842966,-126.478566,50.8476,-126.47265,63,120,13/0,2.44,231
2016,79290,NEOCALIGUS,8/1/2016,8/23/2016,1,12,32,8/10/2016,50.754433,-126.512483,50.760383,-126.509066,55,119,13/0,2.44,230
2016,79290,NEOCALIGUS,8/1/2016,8/23/2016,1,12,33,8/10/2016,50.741933,-126.610016,50.74445,-126.619416,57,120,13/0,2.44,232
2016,79290,NEOCALIGUS,8/1/2016,8/23/2016,1,12,34,8/10/2016,50.693533,-126.6137,50.698833,-126.60845,41,120,13/0,2.44,231
2016,79290,NEOCALIGUS,8/1/2016,8/23/2016,1,12,35,8/11/2016,50.51885,-126.584183,50.518416,-126.574583,58,120,13/0,2.44,222
2016,79290,NEOCALIGUS,8/1/2016,8/23/2016,1,12,36,8/11/2016,50.48665,-126.5011,50.48375,-126.488833,91,120,13/0,2.44,229
2016,79290,NEOCALIGUS,8/1/2016,8/23/2016,1,12,37,8/11/2016,50.515333,-126.6745,50.517116,-126.683733,89,118,13/0,2.44,230
2016,79290,NEOCALIGUS,8/1/2016,8/23/2016,1,12,38,8/11/2016,50.53955,-126.660683,50.5381,-126.650816,58,119,13/0,2.44,232
2016,79290,NEOCALIGUS,8/1/2016,8/23/2016,1,12,39,8/12/2016,50.545583,-126.78665,50.547016,-126.796,81,120,13/0,2.44,224
2016,79290,NEOCALIGUS,8/1/2016,8/23/2016,1,12,40,8/12/2016,50.562933,-126.782233,50.56145,-126.771216,70,120,13/0,2.44,230
2016,79290,NEOCALIGUS,8/1/2016,8/23/2016,1,12,41,8/13/2016,50.680766,-127.134233,50.683833,-127.123033,81,119,13/0,2.44,232
2016,79290,NEOCALIGUS,8/1/2016,8/23/2016,1,12,42,8/13/2016,50.6772,-127.059233,50.676283,-127.04855,88,121,13/0,2.44,228
2016,79290,NEOCALIGUS,8/1/2016,8/23/2016,1,12,43,8/13/2016,50.67345,-126.992866,50.672533,-126.980533,90,119,13/0,2.44,233
2016,79290,NEOCALIGUS,8/1/2016,8/23/2016,1,12,44,8/14/2016,50.61515,-127.070333,50.6167,-127.080766,67,119,13/0,2.44,231
2016,79290,NEOCALIGUS,8/1/2016,8/23/2016,1,12,45,8/14/2016,50.6363,-126.747816,50.641533,-126.744466,65,119,13/0,2.44,232
2016,79290,NEOCALIGUS,8/1/2016,8/23/2016,1,12,46,8/14/2016,50.65175,-126.7169,50.658366,-126.722016,59,118,13/0,2.44,231
2016,79290,NEOCALIGUS,8/1/2016,8/23/2016,1,12,47,8/15/2016,50.776533,-126.605433,50.779833,-126.617516,74,120,13/0,2.44,234
2016,79290,NEOCALIGUS,8/1/2016,8/23/2016,1,12,48,8/15/2016,50.7699,-126.667816,50.770016,-126.676283,61,120,13/0,2.44,229
2016,79290,NEOCALIGUS,8/1/2016,8/23/2016,1,12,49,8/15/2016,50.757133,-126.770266,50.757283,-126.761566,60,120,13/0,2.44,234
2016,79290,NEOCALIGUS,8/1/2016,8/23/2016,1,12,50,8/15/2016,50.762433,-126.704733,50.76515,-126.697783,61,121,13/0,2.44,232
2016,79290,NEOCALIGUS,8/1/2016,8/23/2016,1,12,51,8/16/2016,50.875716,-126.72635,50.8792,-126.733733,52,120,13/0,2.44,231
2016,79290,NEOCALIGUS,8/1/2016,8/23/2016,1,12,52,8/16/2016,50.893966,-126.841666,50.89375,-126.849566,53,118,13/0,2.44,236
2016,79290,NEOCALIGUS,8/1/2016,8/23/2016,1,12,53,8/16/2016,50.94685,-126.84295,50.94875,-126.83405,65,119,13/0,2.44,236
2016,79290,NEOCALIGUS,8/1/2016,8/23/2016,1,12,54,8/17/2016,50.807866,-126.952716,50.8131,-126.959233,85,120,13/0,2.44,226
2016,79290,NEOCALIGUS,8/1/2016,8/23/2016,1,12,55,8/17/2016,50.895883,-126.999366,50.8937,-127.0083,54,119,13/0,2.44,234
2016,79290,NEOCALIGUS,8/1/2016,8/23/2016,1,12,56,8/17/2016,50.867133,-126.889533,50.865216,-126.898833,67,119,13/0,2.44,231
2016,79290,NEOCALIGUS,8/1/2016,8/23/2016,1,12,57,8/18/2016,50.748616,-127.0223,50.751983,-127.03225,90,119,13/0,2.44,235
2016,79290,NEOCALIGUS,8/1/2016,8/23/2016,1,12,58,8/18/2016,50.773183,-126.897983,50.769483,-126.892083,60,119,13/0,2.44,232
2016,79290,NEOCALIGUS,8/1/2016,8/23/2016,1,12,59,8/19/2016,50.480833,-126.441566,50.478633,-126.432433,61,124,13/0,2.44,230
2016,79290,NEOCALIGUS,8/1/2016,8/23/2016,1,12,60,8/19/2016,50.483266,-126.373816,50.4839,-126.3852,82,119,13/0,2.44,233
2016,79290,NEOCALIGUS,8/1/2016,8/23/2016,1,12,61,8/19/2016,50.506516,-126.269833,50.5059,-126.259283,63,119,13/0,2.44,232
2016,79290,NEOCALIGUS,8/1/2016,8/23/2016,1,13,62,8/20/2016,50.505383,-125.58055,50.499133,-125.582233,69,119,13/0,2.44,236
2016,79290,NEOCALIGUS,8/1/2016,8/23/2016,1,13,63,8/20/2016,50.5404,-125.561333,50.545,-125.556316,52,119,13/0,2.44,233
2016,79290,NEOCALIGUS,8/1/2016,8/23/2016,1,13,64,8/20/2016,50.438883,-125.59445,50.436866,-125.6047,94,119,13/0,2.44,234
2016,79290,NEOCALIGUS,8/1/2016,8/23/2016,1,13,65,8/21/2016,50.303233,-125.40675,50.31045,-125.408633,54,111,13/0,2.44,230
2016,79290,NEOCALIGUS,8/1/2016,8/23/2016,1,13,66,8/21/2016,50.295033,-125.433483,50.303166,-125.4338,64,120,13/0,2.44,235
2016,79290,NEOCALIGUS,8/1/2016,8/23/2016,1,13,67,8/22/2016,50.111866,-125.211016,50.11675,-125.215733,53,119,13/0,2.44,232
2016,79290,NEOCALIGUS,8/1/2016,8/23/2016,1,13,68,8/22/2016,50.1283,-125.207333,50.124416,-125.19645,56,119,13/0,2.44,232
2016,79290,NEOCALIGUS,8/1/2016,8/23/2016,1,13,69,8/22/2016,50.074483,-125.00945,50.076383,-124.999816,63,121,13/0,2.44,232
2016,79290,NEOCALIGUS,8/1/2016,8/23/2016,1,13,70,8/22/2016,50.046866,-125.025916,50.052733,-125.022033,58,120,13/0,2.44,229
2016,79290,NEOCALIGUS,8/1/2016,8/23/2016,1,13,71,8/23/2016,50.040666,-125.159083,50.03455,-125.155383,82,119,13/0,2.44,230
2019,85073,NEOCALIGUS,7/26/2019,8/26/2019,1,15,1,7/27/2019,50.0365,-124.870216,50.043866,-124.87865,88,120,13/0,2.44,225
2019,85073,NEOCALIGUS,7/26/2019,8/26/2019,1,13,2,7/28/2019,50.301816,-125.040933,50.30445,-125.028283,93,119,13/0,2.44,223
2019,85073,NEOCALIGUS,7/26/2019,8/26/2019,1,13,3,7/28/2019,50.53005,-124.940433,50.539533,-124.939066,73,119,13/0,2.44,225
2019,85073,NEOCALIGUS,7/26/2019,8/26/2019,1,13,4,7/29/2019,50.408783,-125.11395,50.398983,-125.10835,71,123,13/0,2.44,222
2019,85073,NEOCALIGUS,7/26/2019,8/26/2019,1,13,5,7/29/2019,50.37135,-125.056416,50.3817,-125.058166,91,120,13/0,2.44,219
2019,85073,NEOCALIGUS,7/26/2019,8/26/2019,1,13,6,7/29/2019,50.3899,-125.054933,50.399333,-125.0584,86,119,13/0,2.44,225
2019,85073,NEOCALIGUS,7/26/2019,8/26/2019,1,13,7,7/30/2019,50.187566,-124.981216,50.179833,-124.9873,87,119,13/0,2.44,225
2019,85073,NEOCALIGUS,7/26/2019,8/26/2019,1,13,8,7/30/2019,50.201133,-124.982833,50.192416,-124.979666,78,119,13/0,2.44,222
2019,85073,NEOCALIGUS,7/26/2019,8/26/2019,1,15,9,7/30/2019,50.224383,-124.963433,50.231633,-124.968883,87,118,13/0,2.44,225
2019,85073,NEOCALIGUS,7/26/2019,8/26/2019,1,15,10,7/30/2019,50.197066,-124.93615,50.206616,-124.947266,57,119,13/0,2.44,222
2019,85073,NEOCALIGUS,7/26/2019,8/26/2019,1,15,11,7/31/2019,50.319016,-124.7859,50.31495,-124.79215,81,122,13/0,2.44,224
2019,85073,NEOCALIGUS,7/26/2019,8/26/2019,1,15,12,7/31/2019,50.320383,-124.717083,50.31985,-124.731616,76,119,13/0,2.44,226
2019,85073,NEOCALIGUS,7/26/2019,8/26/2019,1,15,13,7/31/2019,50.198566,-124.74555,50.207683,-124.745216,81,119,13/0,2.44,221
2019,85073,NEOCALIGUS,7/26/2019,8/26/2019,1,15,14,7/31/2019,50.167366,-124.72825,50.175683,-124.72465,80,122,13/0,2.44,225
2019,85073,NEOCALIGUS,7/26/2019,8/26/2019,1,15,15,8/1/2019,50.194833,-124.65755,50.1878,-124.665033,83,119,13/0,2.44,225
2019,85073,NEOCALIGUS,7/26/2019,8/26/2019,1,15,16,8/1/2019,50.03575,-124.723616,50.041916,-124.716116,75,118,13/0,2.44,224
2019,85073,NEOCALIGUS,7/26/2019,8/26/2019,1,15,17,8/1/2019,49.998933,-124.707733,50.0075,-124.7066,57,119,13/0,2.44,223
2019,85073,NEOCALIGUS,7/26/2019,8/26/2019,1,15,18,8/1/2019,50.043016,-124.7118,50.051283,-124.712316,58,119,13/0,2.44,223
2019,85073,NEOCALIGUS,7/26/2019,8/26/2019,1,13,19,8/2/2019,50.1385,-125.116566,50.131216,-125.121916,78,120,13/0,2.44,221
2019,85073,NEOCALIGUS,7/26/2019,8/26/2019,1,13,20,8/3/2019,50.28035,-125.4261,50.275883,-125.413916,48,122,13/0,2.44,225
2019,85073,NEOCALIGUS,7/26/2019,8/26/2019,1,13,21,8/3/2019,50.330966,-125.477883,50.332283,-125.4619,80,117,13/0,2.44,218
2019,85073,NEOCALIGUS,7/26/2019,8/26/2019,1,13,22,8/3/2019,50.326516,-125.406783,50.314916,-125.406866,78,120,13/0,2.44,220
2019,85073,NEOCALIGUS,7/26/2019,8/26/2019,1,13,23,8/4/2019,50.496383,-125.261033,50.48805,-125.26805,53,119,13/0,2.44,223
2019,85073,NEOCALIGUS,7/26/2019,8/26/2019,1,13,24,8/4/2019,50.4579,-125.274383,50.4638,-125.2661,93,118,13/0,2.44,224
2019,85073,NEOCALIGUS,7/26/2019,8/26/2019,1,13,25,8/4/2019,50.484816,-125.2535,50.4769,-125.259266,59,118,13/0,2.44,225
2019,85073,NEOCALIGUS,7/26/2019,8/26/2019,1,13,26,8/4/2019,50.472116,-125.392166,50.47955,-125.38545,55,118,13/0,2.44,225
2019,85073,NEOCALIGUS,7/26/2019,8/26/2019,1,13,27,8/4/2019,50.478433,-125.349516,50.471183,-125.340733,56,118,13/0,2.44,224
2019,85073,NEOCALIGUS,7/26/2019,8/26/2019,1,13,28,8/5/2019,50.443183,-125.62725,50.44905,-125.619116,52,119,13/0,2.44,222
2019,85073,NEOCALIGUS,7/26/2019,8/26/2019,1,13,29,8/5/2019,50.558266,-125.532233,50.551383,-125.525266,56,118,13/0,2.44,226
2019,85073,NEOCALIGUS,7/26/2019,8/26/2019,1,13,30,8/5/2019,50.419566,-125.751866,50.41665,-125.763383,82,119,13/0,2.44,224
2019,85073,NEOCALIGUS,7/26/2019,8/26/2019,1,13,31,8/6/2019,50.441683,-125.746933,50.44615,-125.756216,61,119,13/0,2.44,222
2019,85073,NEOCALIGUS,7/26/2019,8/26/2019,1,13,32,8/6/2019,50.401116,-125.8522,50.404716,-125.867233,85,118,13/0,2.44,225
2019,85073,NEOCALIGUS,7/26/2019,8/26/2019,1,13,33,8/7/2019,50.446433,-125.98625,50.4489,-125.997716,77,119,13/0,2.44,223
2019,85073,NEOCALIGUS,7/26/2019,8/26/2019,1,13,34,8/7/2019,50.454633,-125.926166,50.459483,-125.9159,81,130,13/0,2.44,225
2019,85073,NEOCALIGUS,7/26/2019,8/26/2019,1,13,35,8/7/2019,50.469383,-125.998483,50.468266,-125.989116,82,120,13/0,2.44,223
2019,85073,NEOCALIGUS,7/26/2019,8/26/2019,1,13,36,8/7/2019,50.405483,-125.912383,50.407,-125.906566,86,120,13/0,2.44,225
2019,85073,NEOCALIGUS,7/26/2019,8/26/2019,1,12,37,8/8/2019,50.587416,-126.386466,50.58625,-126.374183,51,118,13/0,2.44,225
2019,85073,NEOCALIGUS,7/26/2019,8/26/2019,1,12,38,8/8/2019,50.632166,-126.284466,50.63275,-126.2708,95,117,13/0,2.44,227
2019,85073,NEOCALIGUS,7/26/2019,8/26/2019,1,12,39,8/8/2019,50.642283,-126.155616,50.643666,-126.14275,87,120,13/0,2.44,228
2019,85073,NEOCALIGUS,7/26/2019,8/26/2019,1,12,40,8/9/2019,50.744716,-126.158433,50.751266,-126.1537,56,118,13/0,2.44,225
2019,85073,NEOCALIGUS,7/26/2019,8/26/2019,1,12,41,8/9/2019,50.734066,-126.133266,50.740316,-126.125616,55,119,13/0,2.44,226
2019,85073,NEOCALIGUS,7/26/2019,8/26/2019,1,12,42,8/9/2019,50.771333,-126.149666,50.776116,-126.163633,69,119,13/0,2.44,224
2019,85073,NEOCALIGUS,7/26/2019,8/26/2019,1,12,43,8/9/2019,50.800366,-126.200566,50.7932,-126.195933,58,119,13/0,2.44,223
2019,85073,NEOCALIGUS,7/26/2019,8/26/2019,1,12,44,8/10/2019,50.790683,-126.42995,50.790733,-126.419033,58,119,13/0,2.44,224
2019,85073,NEOCALIGUS,7/26/2019,8/26/2019,1,12,45,8/10/2019,50.814666,-126.404766,50.80925,-126.414983,90,119,13/0,2.44,225
2019,85073,NEOCALIGUS,7/26/2019,8/26/2019,1,12,46,8/10/2019,50.78355,-126.438133,50.782016,-126.450633,81,119,13/0,2.44,220
2019,85073,NEOCALIGUS,7/26/2019,8/26/2019,1,12,47,8/10/2019,50.801283,-126.544716,50.806366,-126.55345,59,119,13/0,2.44,222
2019,85073,NEOCALIGUS,7/26/2019,8/26/2019,1,12,48,8/10/2019,50.815583,-126.572166,50.8165,-126.559966,61,119,13/0,2.44,224
2019,85073,NEOCALIGUS,7/26/2019,8/26/2019,1,12,49,8/11/2019,50.718816,-126.724483,50.712866,-126.729983,51,120,13/0,2.44,223
2019,85073,NEOCALIGUS,7/26/2019,8/26/2019,1,12,50,8/11/2019,50.696366,-126.721383,50.7012,-126.732366,88,120,13/0,2.44,223
2019,85073,NEOCALIGUS,7/26/2019,8/26/2019,1,12,51,8/11/2019,50.6501,-126.711733,50.6557,-126.721883,58,119,13/0,2.44,225
2019,85073,NEOCALIGUS,7/26/2019,8/26/2019,1,12,52,8/11/2019,50.622683,-126.752066,50.625266,-126.7652,96,119,13/0,2.44,222
2019,85073,NEOCALIGUS,7/26/2019,8/26/2019,1,12,53,8/11/2019,50.557733,-126.8748,50.559433,-126.887333,57,119,13/0,2.44,225
2019,85073,NEOCALIGUS,7/26/2019,8/26/2019,1,12,54,8/13/2019,50.61145,-127.043416,50.620583,-127.05705,59,NA,13/0,2.44,224
2019,85073,NEOCALIGUS,7/26/2019,8/26/2019,1,12,55,8/13/2019,50.616016,-127.110816,50.613466,-127.098333,52,128,13/0,2.44,224
2019,85073,NEOCALIGUS,7/26/2019,8/26/2019,1,12,56,8/13/2019,50.62135,-127.0364,50.623666,-127.04765,50,119,13/0,2.44,227
2019,85073,NEOCALIGUS,7/26/2019,8/26/2019,1,12,57,8/13/2019,50.6765,-127.1721,50.680366,-127.1622,84,120,13/0,2.44,225
2019,85073,NEOCALIGUS,7/26/2019,8/26/2019,1,12,58,8/13/2019,50.677633,-127.05655,50.674616,-127.0444,85,119,13/0,2.44,226
2019,85073,NEOCALIGUS,7/26/2019,8/26/2019,1,12,59,8/14/2019,50.667466,-127.02965,50.6666,-127.015966,52,124,13/0,2.44,229
2019,85073,NEOCALIGUS,7/26/2019,8/26/2019,1,12,60,8/14/2019,50.731,-126.977433,50.73355,-126.99105,95,118,13/0,2.44,225
2019,85073,NEOCALIGUS,7/26/2019,8/26/2019,1,12,61,8/14/2019,50.657566,-126.863666,50.64955,-126.8524,48,121,13/0,2.44,227
2019,85073,NEOCALIGUS,7/26/2019,8/26/2019,1,12,62,8/15/2019,50.898766,-126.9823,50.897033,-126.969033,47,119,13/0,2.44,220
2019,85073,NEOCALIGUS,7/26/2019,8/26/2019,1,12,63,8/15/2019,50.90435,-126.8851,50.89775,-126.889066,88,120,13/0,2.44,226
2019,85073,NEOCALIGUS,7/26/2019,8/26/2019,1,12,64,8/15/2019,50.794216,-126.940383,50.788533,-126.930483,59,119,13/0,2.44,225
2019,85073,NEOCALIGUS,7/26/2019,8/26/2019,1,12,65,8/15/2019,50.793733,-126.857033,50.78525,-126.851116,57,123,13/0,2.44,223
2019,85073,NEOCALIGUS,7/26/2019,8/26/2019,1,12,66,8/16/2019,50.683716,-126.625583,50.684616,-126.627933,50,119,13/0,2.44,225
2019,85073,NEOCALIGUS,7/26/2019,8/26/2019,1,12,67,8/16/2019,50.665416,-126.6582,50.661983,-126.647433,57,119,13/0,2.44,224
2019,85073,NEOCALIGUS,7/26/2019,8/26/2019,1,12,68,8/16/2019,50.64005,-126.412183,50.641033,-126.397733,57,120,13/0,2.44,223
2019,85073,NEOCALIGUS,7/26/2019,8/26/2019,1,12,69,8/16/2019,50.646316,-126.423516,50.6458,-126.433483,86,119,13/0,2.44,225
2019,85073,NEOCALIGUS,7/26/2019,8/26/2019,1,12,70,8/17/2019,50.493266,-126.6139,50.4864,-126.606366,61,119,13/0,2.44,221
2019,85073,NEOCALIGUS,7/26/2019,8/26/2019,1,12,71,8/17/2019,50.51895,-126.5207,50.51605,-126.508516,91,119,13/0,2.44,224
2019,85073,NEOCALIGUS,7/26/2019,8/26/2019,1,12,72,8/17/2019,50.5154,-126.50255,50.514516,-126.490816,59,119,13/0,2.44,222
2019,85073,NEOCALIGUS,7/26/2019,8/26/2019,1,12,73,8/17/2019,50.48605,-126.476216,50.485183,-126.46325,81,118,13/0,2.44,223
2019,85073,NEOCALIGUS,7/26/2019,8/26/2019,1,12,74,8/18/2019,50.4522,-126.0939,50.4545,-126.10765,59,119,13/0,2.44,222
2019,85073,NEOCALIGUS,7/26/2019,8/26/2019,1,13,75,8/18/2019,50.366916,-125.671683,50.36645,-125.68915,77,119,13/0,2.44,226
2019,85073,NEOCALIGUS,7/26/2019,8/26/2019,1,13,76,8/18/2019,50.390766,-125.553383,50.390466,-125.565766,47,120,13/0,2.44,217
2019,85073,NEOCALIGUS,7/26/2019,8/26/2019,1,13,77,8/19/2019,50.052766,-125.234683,50.0418,-125.2284,59,136,13/0,2.44,222
2019,85073,NEOCALIGUS,7/26/2019,8/26/2019,1,13,78,8/19/2019,50.085633,-125.29525,50.080316,-125.284433,49,113,13/0,2.44,221
2019,85073,NEOCALIGUS,7/26/2019,8/26/2019,1,14,79,8/19/2019,49.942283,-125.143766,49.948883,-125.1543,58,119,13/0,2.44,224
2019,85073,NEOCALIGUS,7/26/2019,8/26/2019,1,13,80,8/19/2019,49.96145,-125.17895,49.969533,-125.1871,42,120,13/0,2.44,222
