"Survey Year","Trip identifier","Vessel name","Trip start date","Trip end date","GMA","PFMA","Set number","Set date","Start latitude","Start longitude","End latitude","End longitude","Bottom depth (m)","Soak time (min)","Hook size","Hook spacing (m)","Hook count"
2005,"60506","NEOCALIGUS","2005-08-11","2005-09-06","01","17","1","2005-08-11","49.212500","-123.919333","49.204500","-123.909000","50.000000",121,"13/0","2.44","226"
2005,"60506","NEOCALIGUS","2005-08-11","2005-09-06","01","17","2","2005-08-11","49.197666","-123.875000","49.204666","-123.885833","51.000000",122,"13/0","2.44","222"
2005,"60506","NEOCALIGUS","2005-08-11","2005-09-06","01","17","3","2005-08-11","49.277666","-124.061816","49.285850","-124.067433","65.000000",121,"13/0","2.44","227"
2005,"60506","NEOCALIGUS","2005-08-11","2005-09-06","01","17","4","2005-08-11","49.303000","-124.137833","49.298333","-124.124666","61.000000",121,"13/0","2.44","229"
2005,"60506","NEOCALIGUS","2005-08-11","2005-09-06","01","14","5","2005-08-12","49.438500","-124.182000","49.443500","-124.194000","90.000000",121,"13/0","2.44","207"
2005,"60506","NEOCALIGUS","2005-08-11","2005-09-06","01","14","6","2005-08-12","49.450166","-124.210833","49.451000","-124.226000","80.000000",120,"13/0","2.44","225"
2005,"60506","NEOCALIGUS","2005-08-11","2005-09-06","01","16","7","2005-08-12","49.502833","-124.398166","49.511700","-124.400333","50.000000",121,"13/0","2.44","219"
2005,"60506","NEOCALIGUS","2005-08-11","2005-09-06","01","16","8","2005-08-12","49.523000","-124.412000","49.526500","-124.400500","80.000000",124,"13/0","2.44","227"
2005,"60506","NEOCALIGUS","2005-08-11","2005-09-06","01","14","9","2005-08-12","49.499333","-124.697000","49.494166","-124.687000","50.000000",121,"13/0","2.44","225"
2005,"60506","NEOCALIGUS","2005-08-11","2005-09-06","01","14","10","2005-08-13","49.542666","-124.628333","49.538833","-124.616000","44.000000",120,"13/0","2.44","222"
2005,"60506","NEOCALIGUS","2005-08-11","2005-09-06","01","14","11","2005-08-13","49.571666","-124.704666","49.568000","-124.691000","42.000000",121,"13/0","2.44","223"
2005,"60506","NEOCALIGUS","2005-08-11","2005-09-06","01","14","12","2005-08-13","49.645333","-124.697833","49.652166","-124.707333","80.000000",120,"13/0","2.44","227"
2005,"60506","NEOCALIGUS","2005-08-11","2005-09-06","01","14","13","2005-08-13","49.648500","-124.636666","49.651833","-124.649333","42.000000",121,"13/0","2.44","238"
2005,"60506","NEOCALIGUS","2005-08-11","2005-09-06","01","16","14","2005-08-13","49.723333","-124.623333","49.728666","-124.627000","65.000000",120,"13/0","2.44","230"
2005,"60506","NEOCALIGUS","2005-08-11","2005-09-06","01","16","15","2005-08-14","49.629666","-124.462333","49.635500","-124.472333","65.000000",121,"13/0","2.44","223"
2005,"60506","NEOCALIGUS","2005-08-11","2005-09-06","01","16","16","2005-08-14","49.583666","-124.355500","49.578333","-124.345666","65.000000",120,"13/0","2.44","225"
2005,"60506","NEOCALIGUS","2005-08-11","2005-09-06","01","16","17","2005-08-14","49.526166","-124.210500","49.521333","-124.199333","86.000000",121,"13/0","2.44","227"
2005,"60506","NEOCALIGUS","2005-08-11","2005-09-06","01","16","18","2005-08-14","49.504833","-124.126500","49.497000","-124.123000","80.000000",120,"13/0","2.44","227"
2005,"60506","NEOCALIGUS","2005-08-11","2005-09-06","01","14","19","2005-08-15","49.735666","-124.872833","49.740833","-124.883833","50.000000",120,"13/0","2.44","223"
2005,"60506","NEOCALIGUS","2005-08-11","2005-09-06","01","14","20","2005-08-15","49.924666","-125.012500","49.916833","-125.009500","80.000000",119,"13/0","2.44","227"
2005,"60506","NEOCALIGUS","2005-08-11","2005-09-06","01","13","21","2005-08-16","50.317500","-124.976500","50.313000","-124.965333","80.000000",119,"13/0","2.44","222"
2005,"60506","NEOCALIGUS","2005-08-11","2005-09-06","01","15","22","2005-08-16","50.303666","-124.902166","50.307000","-124.915000","61.000000",120,"13/0","2.44","226"
2005,"60506","NEOCALIGUS","2005-08-11","2005-09-06","01","15","23","2005-08-16","50.292500","-124.866500","50.287000","-124.856166","55.000000",121,"13/0","2.44","228"
2005,"60506","NEOCALIGUS","2005-08-11","2005-09-06","01","15","24","2005-08-16","50.320000","-124.758500","50.317166","-124.745666","76.000000",121,"13/0","2.44","214"
2005,"60506","NEOCALIGUS","2005-08-11","2005-09-06","01","15","25","2005-08-16","50.306666","-124.665000","50.301666","-124.656666","52.000000",120,"13/0","2.44","226"
2005,"60506","NEOCALIGUS","2005-08-11","2005-09-06","01","15","26","2005-08-17","50.221166","-124.617000","50.229833","-124.615666","75.000000",121,"13/0","2.44","224"
2005,"60506","NEOCALIGUS","2005-08-11","2005-09-06","01","15","27","2005-08-17","50.280833","-124.674500","50.276500","-124.663500","86.000000",123,"13/0","2.44","223"
2005,"60506","NEOCALIGUS","2005-08-11","2005-09-06","01","15","28","2005-08-17","50.198333","-124.780000","50.203500","-124.792833","97.000000",120,"13/0","2.44","225"
2005,"60506","NEOCALIGUS","2005-08-11","2005-09-06","01","15","29","2005-08-18","49.985666","-124.792000","49.992666","-124.791833","66.000000",120,"13/0","2.44","221"
2005,"60506","NEOCALIGUS","2005-08-11","2005-09-06","01","15","30","2005-08-18","50.033000","-124.964000","50.040833","-124.957333","45.000000",119,"13/0","2.44","219"
2005,"60506","NEOCALIGUS","2005-08-11","2005-09-06","01","15","31","2005-08-18","50.046500","-124.947333","50.049333","-124.932500","73.000000",120,"13/0","2.44","225"
2005,"60506","NEOCALIGUS","2005-08-11","2005-09-06","01","15","32","2005-08-19","50.141333","-124.894666","50.146833","-124.902166","80.000000",120,"13/0","2.44","224"
2005,"60506","NEOCALIGUS","2005-08-11","2005-09-06","01","15","33","2005-08-19","50.075833","-124.789166","50.077166","-124.777333","47.000000",119,"13/0","2.44","230"
2005,"60506","NEOCALIGUS","2005-08-11","2005-09-06","01","15","34","2005-08-19","50.140833","-124.730500","50.145333","-124.723500","50.000000",120,"13/0","2.44","225"
2005,"60506","NEOCALIGUS","2005-08-11","2005-09-06","01","15","35","2005-08-19","50.111666","-124.777500","50.115166","-124.768500","67.000000",119,"13/0","2.44","229"
2005,"60506","NEOCALIGUS","2005-08-11","2005-09-06","01","15","36","2005-08-20","49.873500","-124.717333","49.879000","-124.725666","88.000000",117,"13/0","2.44","223"
2005,"60506","NEOCALIGUS","2005-08-11","2005-09-06","01","15","37","2005-08-20","49.866500","-124.773166","49.868333","-124.785166","48.000000",118,"13/0","2.44","237"
2005,"60506","NEOCALIGUS","2005-08-11","2005-09-06","01","15","38","2005-08-20","49.896833","-124.631500","49.900333","-124.640833","41.000000",118,"13/0","2.44","223"
2005,"60506","NEOCALIGUS","2005-08-11","2005-09-06","01","16","39","2005-08-20","49.793166","-124.647833","49.802166","-124.651500","60.000000",119,"13/0","2.44","219"
2005,"60506","NEOCALIGUS","2005-08-11","2005-09-06","01","16","40","2005-08-21","49.810666","-123.999666","49.816500","-124.006000","53.000000",115,"13/0","2.44","220"
2005,"60506","NEOCALIGUS","2005-08-11","2005-09-06","01","16","41","2005-08-21","49.752166","-124.194333","49.753666","-124.184000","77.000000",122,"13/0","2.44","223"
2005,"60506","NEOCALIGUS","2005-08-11","2005-09-06","01","15","42","2005-08-21","49.747500","-124.351333","49.753000","-124.359500","78.000000",116,"13/0","2.44","223"
2005,"60506","NEOCALIGUS","2005-08-11","2005-09-06","01","15","43","2005-08-21","49.716666","-124.371333","49.718666","-124.385333","100.000000",118,"13/0","2.44","225"
2005,"60506","NEOCALIGUS","2005-08-11","2005-09-06","01","15","44","2005-08-21","49.709500","-124.356333","49.714166","-124.365166","56.000000",121,"13/0","2.44","221"
2005,"60506","NEOCALIGUS","2005-08-11","2005-09-06","01","16","45","2005-08-22","49.708500","-124.275166","49.702000","-124.267666","87.000000",122,"13/0","2.44","226"
2005,"60506","NEOCALIGUS","2005-08-11","2005-09-06","01","16","46","2005-08-22","49.636000","-124.283666","49.630666","-124.277166","67.000000",119,"13/0","2.44","223"
2005,"60506","NEOCALIGUS","2005-08-11","2005-09-06","01","16","47","2005-08-22","49.565666","-124.181500","49.560666","-124.173000","76.000000",118,"13/0","2.44","222"
2005,"60506","NEOCALIGUS","2005-08-11","2005-09-06","01","16","48","2005-08-22","49.568500","-124.013000","49.574766","-124.013433","100.000000",120,"13/0","2.44","220"
2005,"60506","NEOCALIGUS","2005-08-11","2005-09-06","01","29","49","2005-08-23","49.397000","-123.586666","49.394666","-123.577000","82.000000",119,"13/0","2.44","224"
2005,"60506","NEOCALIGUS","2005-08-11","2005-09-06","01","29","50","2005-08-23","49.343833","-123.591000","49.339000","-123.582500","46.000000",117,"13/0","2.44","224"
2005,"60506","NEOCALIGUS","2005-08-11","2005-09-06","01","29","51","2005-08-23","49.322833","-123.338500","49.330000","-123.335000","92.000000",121,"13/0","2.44","224"
2005,"60506","NEOCALIGUS","2005-08-11","2005-09-06","01","28","52","2005-08-23","49.344500","-123.315333","49.349000","-123.305833","62.000000",99,"13/0","2.44","224"
2005,"60506","NEOCALIGUS","2005-08-11","2005-09-06","01","28","53","2005-08-24","49.429333","-123.371333","49.436000","-123.375500","67.000000",116,"13/0","2.44","223"
2005,"60506","NEOCALIGUS","2005-08-11","2005-09-06","01","28","54","2005-08-24","49.350666","-123.433833","49.358166","-123.432833","47.000000",119,"13/0","2.44","225"
2005,"60506","NEOCALIGUS","2005-08-11","2005-09-06","01","28","55","2005-08-24","49.410000","-123.440666","49.412833","-123.448666","62.000000",119,"13/0","2.44","222"
2005,"60506","NEOCALIGUS","2005-08-11","2005-09-06","01","28","56","2005-08-24","49.451666","-123.464500","49.458166","-123.468833","79.000000",119,"13/0","2.44","224"
2005,"60506","NEOCALIGUS","2005-08-11","2005-09-06","01","28","57","2005-08-25","49.552833","-123.399833","49.549666","-123.410833","88.000000",120,"13/0","2.44","223"
2005,"60506","NEOCALIGUS","2005-08-11","2005-09-06","01","28","58","2005-08-25","49.557833","-123.375166","49.554833","-123.364833","80.000000",120,"13/0","2.44","223"
2005,"60506","NEOCALIGUS","2005-08-11","2005-09-06","01","29","59","2005-08-26","49.142833","-123.636333","49.137500","-123.643000","76.000000",118,"13/0","2.44","224"
2005,"60506","NEOCALIGUS","2005-08-11","2005-09-06","01","29","60","2005-08-26","49.049000","-123.595833","49.055833","-123.601166","60.000000",119,"13/0","2.44","225"
2005,"60506","NEOCALIGUS","2005-08-11","2005-09-06","01","17","61","2005-08-26","49.009000","-123.620000","49.013000","-123.630333","47.000000",117,"13/0","2.44","226"
2005,"60506","NEOCALIGUS","2005-08-11","2005-09-06","01","17","62","2005-08-26","48.960000","-123.553500","48.954500","-123.545666","76.000000",118,"13/0","2.44","224"
2005,"60506","NEOCALIGUS","2005-08-11","2005-09-06","01","17","63","2005-08-27","48.938166","-123.656333","48.944166","-123.663500","54.000000",119,"13/0","2.44","228"
2005,"60506","NEOCALIGUS","2005-08-11","2005-09-06","01","17","64","2005-08-27","48.908833","-123.657833","48.915666","-123.663666","91.000000",119,"13/0","2.44","225"
2005,"60506","NEOCALIGUS","2005-08-11","2005-09-06","01","17","65","2005-08-27","48.914000","-123.618833","48.918666","-123.627666","40.000000",119,"13/0","2.44","228"
2005,"60506","NEOCALIGUS","2005-08-11","2005-09-06","01","17","66","2005-08-27","48.893000","-123.592666","48.901000","-123.596333","76.000000",119,"13/0","2.44","222"
2005,"60506","NEOCALIGUS","2005-08-11","2005-09-06","01","17","67","2005-08-27","48.906000","-123.463333","48.911333","-123.472500","71.000000",120,"13/0","2.44","219"
2005,"60506","NEOCALIGUS","2005-08-11","2005-09-06","01","18","68","2005-08-28","48.860500","-123.373500","48.864666","-123.383500","43.000000",119,"13/0","2.44","225"
2005,"60506","NEOCALIGUS","2005-08-11","2005-09-06","01","29","69","2005-08-28","48.914166","-123.375166","48.918833","-123.386833","52.000000",115,"13/0","2.44","224"
2005,"60506","NEOCALIGUS","2005-08-11","2005-09-06","01","18","70","2005-08-28","48.865500","-123.245833","48.870833","-123.256166","71.000000",118,"13/0","2.44","225"
2005,"60506","NEOCALIGUS","2005-08-11","2005-09-06","01","18","71","2005-08-28","48.815833","-123.180833","48.820333","-123.189833","44.000000",119,"13/0","2.44","219"
2005,"60506","NEOCALIGUS","2005-08-11","2005-09-06","01","18","72","2005-08-29","48.742000","-123.173000","48.735166","-123.178000","60.000000",119,"13/0","2.44","221"
2005,"60506","NEOCALIGUS","2005-08-11","2005-09-06","01","18","73","2005-08-29","48.731166","-123.192166","48.729333","-123.202333","71.000000",122,"13/0","2.44","218"
2005,"60506","NEOCALIGUS","2005-08-11","2005-09-06","01","18","74","2005-08-29","48.810333","-123.147000","48.814500","-123.157333","93.000000",119,"13/0","2.44","222"
2005,"60506","NEOCALIGUS","2005-08-11","2005-09-06","01","18","75","2005-08-30","48.682666","-123.347000","48.673500","-123.346833","61.000000",121,"13/0","2.44","223"
2005,"60506","NEOCALIGUS","2005-08-11","2005-09-06","01","18","76","2005-08-30","48.693833","-123.292000","48.686666","-123.297333","47.000000",127,"13/0","2.44","220"
2005,"60506","NEOCALIGUS","2005-08-11","2005-09-06","01","18","77","2005-08-30","48.713833","-123.415666","48.712833","-123.426833","44.000000",119,"13/0","2.44","219"
2005,"60506","NEOCALIGUS","2005-08-11","2005-09-06","01","18","78","2005-08-30","48.736000","-123.412166","48.739500","-123.405500","52.000000",120,"13/0","2.44","219"
2005,"60506","NEOCALIGUS","2005-08-11","2005-09-06","01","19","79","2005-08-31","48.571833","-123.245666","48.562833","-123.239666","76.000000",119,"13/0","2.44","227"
2005,"60506","NEOCALIGUS","2005-08-11","2005-09-06","01","19","80","2005-08-31","48.540166","-123.261333","48.532666","-123.259000","63.000000",122,"13/0","2.44","225"
2005,"60506","NEOCALIGUS","2005-08-11","2005-09-06","01","19","81","2005-08-31","48.480333","-123.245166","48.474666","-123.238666","52.000000",119,"13/0","2.44","226"
2005,"60506","NEOCALIGUS","2005-08-11","2005-09-06","01","19","82","2005-09-01","48.343333","-123.512000","48.349000","-123.505666","57.000000",120,"13/0","2.44","224"
2005,"60506","NEOCALIGUS","2005-08-11","2005-09-06","01","20","83","2005-09-01","48.349666","-123.765833","48.345166","-123.754000","34.000000",119,"13/0","2.44","220"
2005,"60506","NEOCALIGUS","2005-08-11","2005-09-06","01","20","84","2005-09-02","48.375666","-123.951333","48.378666","-123.963500","76.000000",119,"13/0","2.44","224"
2005,"60506","NEOCALIGUS","2005-08-11","2005-09-06","01","20","85","2005-09-02","48.387333","-124.056333","48.390500","-124.068833","63.000000",125,"13/0","2.44","224"
2005,"60506","NEOCALIGUS","2005-08-11","2005-09-06","01","20","86","2005-09-02","48.435000","-124.238833","48.432666","-124.227833","90.000000",122,"13/0","2.44","225"
2005,"60506","NEOCALIGUS","2005-08-11","2005-09-06","01","20","87","2005-09-03","48.545833","-124.590000","48.547500","-124.585000","68.000000",121,"13/0","2.44","225"
2005,"60506","NEOCALIGUS","2005-08-11","2005-09-06","01","20","88","2005-09-03","48.536500","-124.577500","48.539000","-124.589666","87.000000",123,"13/0","2.44","227"
2005,"60506","NEOCALIGUS","2005-08-11","2005-09-06","01","19","89","2005-09-04","48.352833","-123.511000","48.360166","-123.507000","55.000000",120,"13/0","2.44","219"
2005,"60506","NEOCALIGUS","2005-08-11","2005-09-06","01","20","100","2005-09-01","48.347666","-123.807333","48.343166","-123.793500","87.000000",120,"13/0","2.44","225"
2005,"60506","NEOCALIGUS","2005-08-11","2005-09-06","01","20","101","2005-09-02","48.440500","-124.266166","48.437500","-124.253000","58.000000",116,"13/0","2.44","229"
2005,"60506","NEOCALIGUS","2005-08-11","2005-09-06","01","20","102","2005-09-03","48.575833","-124.708333","48.574166","-124.699500","48.000000",131,"13/0","2.44","222"
2005,"60506","NEOCALIGUS","2005-08-11","2005-09-06","01","20","103","2005-09-03","48.574000","-124.693666","48.571666","-124.682333","49.000000",122,"13/0","2.44","229"
2005,"60506","NEOCALIGUS","2005-08-11","2005-09-06","01","20","104","2005-09-04","48.354000","-123.785000","48.355000","-123.797500","43.000000",121,"13/0","2.44","222"
2005,"60506","NEOCALIGUS","2005-08-11","2005-09-06","01","20","105","2005-09-04","48.363500","-123.847333","48.365000","-123.858000","43.000000",119,"13/0","2.44","225"
2005,"60506","NEOCALIGUS","2005-08-11","2005-09-06","01","20","106","2005-09-04","48.331833","-123.692333","48.334666","-123.702000","56.000000",117,"13/0","2.44","230"
2009,"68487","NEOCALIGUS","2009-08-14","2009-09-01","01","17","1","2009-08-14","49.219500","-123.920000","49.221300","-123.930316","55.000000",119,"13/0","2.44","221"
2009,"68487","NEOCALIGUS","2009-08-14","2009-09-01","01","17","2","2009-08-14","49.213883","-123.846583","49.217866","-123.853750","90.000000",118,"13/0","2.44","219"
2009,"68487","NEOCALIGUS","2009-08-14","2009-09-01","01","29","3","2009-08-15","49.460516","-123.759166","49.461616","-123.770250","56.000000",118,"13/0","2.44","228"
2009,"68487","NEOCALIGUS","2009-08-14","2009-09-01","01","29","4","2009-08-15","49.375000","-123.529116","49.372516","-123.539200","90.000000",117,"13/0","2.44","225"
2009,"68487","NEOCALIGUS","2009-08-14","2009-09-01","01","28","5","2009-08-15","49.430950","-123.451883","49.437100","-123.451666","55.000000",122,"13/0","2.44","225"
2009,"68487","NEOCALIGUS","2009-08-14","2009-09-01","01","28","6","2009-08-16","49.481600","-123.479016","49.483150","-123.469383","55.000000",123,"13/0","2.44","225"
2009,"68487","NEOCALIGUS","2009-08-14","2009-09-01","01","28","7","2009-08-16","49.416233","-123.345316","49.415400","-123.356050","80.000000",122,"13/0","2.44","225"
2009,"68487","NEOCALIGUS","2009-08-14","2009-09-01","01","28","8","2009-08-16","49.446766","-123.241400","49.440483","-123.240350","80.000000",120,"13/0","2.44","226"
2009,"68487","NEOCALIGUS","2009-08-14","2009-09-01","01","28","9","2009-08-17","49.375150","-123.292733","49.368600","-123.294566","90.000000",120,"13/0","2.44","225"
2009,"68487","NEOCALIGUS","2009-08-14","2009-09-01","01","28","10","2009-08-17","49.336800","-123.312933","49.343083","-123.310933","42.000000",120,"13/0","2.44","225"
2009,"68487","NEOCALIGUS","2009-08-14","2009-09-01","01","17","11","2009-08-17","49.146283","-123.685766","49.141250","-123.678783","30.000000",117,"13/0","2.44","225"
2009,"68487","NEOCALIGUS","2009-08-14","2009-09-01","01","17","12","2009-08-18","49.069033","-123.764283","49.063433","-123.757683","66.000000",118,"13/0","2.44","224"
2009,"68487","NEOCALIGUS","2009-08-14","2009-09-01","01","17","13","2009-08-18","49.056716","-123.724133","49.050916","-123.719116","50.000000",117,"13/0","2.44","223"
2009,"68487","NEOCALIGUS","2009-08-14","2009-09-01","01","17","14","2009-08-19","48.952100","-123.733400","48.945133","-123.728433","58.000000",119,"13/0","2.44","224"
2009,"68487","NEOCALIGUS","2009-08-14","2009-09-01","01","17","15","2009-08-19","48.890966","-123.629266","48.885383","-123.622266","80.000000",115,"13/0","2.44","226"
2009,"68487","NEOCALIGUS","2009-08-14","2009-09-01","01","18","16","2009-08-20","48.713750","-123.499600","48.710833","-123.488933","41.000000",120,"13/0","2.44","210"
2009,"68487","NEOCALIGUS","2009-08-14","2009-09-01","01","18","17","2009-08-21","48.762433","-123.332850","48.757933","-123.325166","78.000000",120,"13/0","2.44","223"
2009,"68487","NEOCALIGUS","2009-08-14","2009-09-01","01","18","18","2009-08-21","48.764100","-123.305833","48.761700","-123.297883","40.000000",122,"13/0","2.44","223"
2009,"68487","NEOCALIGUS","2009-08-14","2009-09-01","01","18","19","2009-08-21","48.858350","-123.374933","48.852700","-123.369400","45.000000",119,"13/0","2.44","226"
2009,"68487","NEOCALIGUS","2009-08-14","2009-09-01","01","18","20","2009-08-22","48.813383","-123.133833","48.810416","-123.123900","85.000000",118,"13/0","2.44","228"
2009,"68487","NEOCALIGUS","2009-08-14","2009-09-01","01","18","21","2009-08-22","48.775466","-123.214933","48.770216","-123.209883","75.000000",118,"13/0","2.44","223"
2009,"68487","NEOCALIGUS","2009-08-14","2009-09-01","01","18","22","2009-08-22","48.691700","-123.327350","48.689216","-123.336133","55.000000",118,"13/0","2.44","224"
2009,"68487","NEOCALIGUS","2009-08-14","2009-09-01","01","19","23","2009-08-23","48.611150","-123.263016","48.609016","-123.253183","63.000000",128,"13/0","2.44","226"
2009,"68487","NEOCALIGUS","2009-08-14","2009-09-01","01","19","24","2009-08-23","48.484633","-123.231216","48.478283","-123.227250","97.000000",119,"13/0","2.44","224"
2009,"68487","NEOCALIGUS","2009-08-14","2009-09-01","01","19","25","2009-08-23","48.470666","-123.224716","48.463133","-123.219866","55.000000",122,"13/0","2.44","223"
2009,"68487","NEOCALIGUS","2009-08-14","2009-09-01","01","20","26","2009-08-25","48.541616","-124.573666","48.542716","-124.563383","60.000000",122,"13/0","2.44","228"
2009,"68487","NEOCALIGUS","2009-08-14","2009-09-01","01","20","27","2009-08-25","48.556566","-124.706050","48.558300","-124.695600","95.000000",120,"13/0","2.44","224"
2009,"68487","NEOCALIGUS","2009-08-14","2009-09-01","01","20","28","2009-08-26","48.524133","-124.467216","48.518283","-124.461300","75.000000",120,"13/0","2.44","225"
2009,"68487","NEOCALIGUS","2009-08-14","2009-09-01","01","19","29","2009-08-27","48.288116","-123.494216","48.291466","-123.483633","94.000000",122,"13/0","2.44","222"
2009,"68487","NEOCALIGUS","2009-08-14","2009-09-01","01","20","30","2009-08-27","48.310683","-123.602433","48.313450","-123.611900","68.000000",120,"13/0","2.44","223"
2009,"68487","NEOCALIGUS","2009-08-14","2009-09-01","01","19","31","2009-08-28","48.383983","-123.459500","48.382683","-123.468500","58.000000",121,"13/0","2.44","225"
2009,"68487","NEOCALIGUS","2009-08-14","2009-09-01","01","20","32","2009-08-28","48.332116","-123.733400","48.334133","-123.741566","64.000000",118,"13/0","2.44","226"
2009,"68487","NEOCALIGUS","2009-08-14","2009-09-01","01","20","33","2009-08-28","48.361150","-123.867483","48.362916","-123.877000","72.000000",118,"13/0","2.44","223"
2009,"68487","NEOCALIGUS","2009-08-14","2009-09-01","01","29","34","2009-08-31","48.913900","-123.374150","48.916550","-123.383183","46.000000",119,"13/0","2.44","223"
2009,"68487","NEOCALIGUS","2009-08-14","2009-09-01","01","29","35","2009-08-31","48.979616","-123.518033","48.984000","-123.526433","82.000000",118,"13/0","2.44","227"
2009,"68487","NEOCALIGUS","2009-08-14","2009-09-01","01","29","36","2009-08-31","48.982966","-123.530983","48.988416","-123.536933","50.000000",119,"13/0","2.44","225"
2009,"68487","NEOCALIGUS","2009-08-14","2009-09-01","01","17","37","2009-09-01","49.068116","-123.660383","49.073166","-123.668533","38.000000",118,"13/0","2.44","213"
2009,"68487","NEOCALIGUS","2009-08-14","2009-09-01","01","17","38","2009-09-01","48.995600","-123.627550","48.999800","-123.636450","40.000000",118,"13/0","2.44","225"
2011,"71308","NEOCALIGUS","2011-08-03","2011-08-22","01","17","1","2011-08-03","49.164533","-123.714100","49.160783","-123.705633","60.000000",120,"13/0","2.44","217"
2011,"71308","NEOCALIGUS","2011-08-03","2011-08-22","01","17","2","2011-08-03","49.053900","-123.721883","49.048850","-123.713650","45.000000",120,"13/0","2.44","224"
2011,"71308","NEOCALIGUS","2011-08-03","2011-08-22","01","17","3","2011-08-03","48.983250","-123.611766","48.987750","-123.618950","50.000000",136,"13/0","2.44","222"
2011,"71308","NEOCALIGUS","2011-08-03","2011-08-22","01","29","4","2011-08-04","48.897066","-123.318116","48.901516","-123.324766","85.000000",120,"13/0","2.44","219"
2011,"71308","NEOCALIGUS","2011-08-03","2011-08-22","01","29","5","2011-08-04","48.928383","-123.403350","48.922783","-123.397350","54.000000",131,"13/0","2.44","224"
2011,"71308","NEOCALIGUS","2011-08-03","2011-08-22","01","18","6","2011-08-04","48.878216","-123.256966","48.873950","-123.249066","83.000000",120,"13/0","2.44","225"
2011,"71308","NEOCALIGUS","2011-08-03","2011-08-22","01","18","7","2011-08-04","48.881433","-123.277033","48.878433","-123.268466","80.000000",124,"13/0","2.44","225"
2011,"71308","NEOCALIGUS","2011-08-03","2011-08-22","01","18","8","2011-08-05","48.796450","-123.384516","48.799116","-123.393100","55.000000",120,"13/0","2.44","225"
2011,"71308","NEOCALIGUS","2011-08-03","2011-08-22","01","18","9","2011-08-05","48.831466","-123.352700","48.834783","-123.359800","55.000000",120,"13/0","2.44","225"
2011,"71308","NEOCALIGUS","2011-08-03","2011-08-22","01","18","10","2011-08-05","48.815600","-123.250800","48.816650","-123.262383","55.000000",120,"13/0","2.44","225"
2011,"71308","NEOCALIGUS","2011-08-03","2011-08-22","01","19","11","2011-08-06","48.462333","-123.221666","48.469600","-123.221416","55.000000",121,"13/0","2.44","222"
2011,"71308","NEOCALIGUS","2011-08-03","2011-08-22","01","19","12","2011-08-06","48.447000","-123.218700","48.441566","-123.211166","80.000000",120,"13/0","2.44","225"
2011,"71308","NEOCALIGUS","2011-08-03","2011-08-22","01","18","13","2011-08-06","48.724466","-123.435650","48.725233","-123.442500","85.000000",124,"13/0","2.44","221"
2011,"71308","NEOCALIGUS","2011-08-03","2011-08-22","01","18","14","2011-08-06","48.715500","-123.505383","48.712633","-123.496350","50.000000",122,"13/0","2.44","225"
2011,"71308","NEOCALIGUS","2011-08-03","2011-08-22","01","19","15","2011-08-07","48.690066","-123.532233","48.697700","-123.534583","52.000000",120,"13/0","2.44","225"
2011,"71308","NEOCALIGUS","2011-08-03","2011-08-22","01","17","16","2011-08-07","48.909716","-123.633733","48.914183","-123.633733","50.000000",121,"13/0","2.44","225"
2011,"71308","NEOCALIGUS","2011-08-03","2011-08-22","01","17","17","2011-08-07","48.920233","-123.603166","48.915200","-123.598050","50.000000",122,"13/0","2.44","231"
2011,"71308","NEOCALIGUS","2011-08-03","2011-08-22","01","17","18","2011-08-07","48.923366","-123.640183","48.916516","-123.634850","79.000000",120,"13/0","2.44","225"
2011,"71308","NEOCALIGUS","2011-08-03","2011-08-22","01","28","19","2011-08-08","49.421883","-123.236633","49.428300","-123.235350","50.000000",122,"13/0","2.44","225"
2011,"71308","NEOCALIGUS","2011-08-03","2011-08-22","01","28","20","2011-08-08","49.493200","-123.249266","49.499600","-123.251316","80.000000",124,"13/0","2.44","225"
2011,"71308","NEOCALIGUS","2011-08-03","2011-08-22","01","28","21","2011-08-08","49.359266","-123.332616","49.353866","-123.336500","55.000000",122,"13/0","2.44","225"
2011,"71308","NEOCALIGUS","2011-08-03","2011-08-22","01","28","22","2011-08-09","49.385433","-123.407083","49.379916","-123.418033","84.000000",120,"13/0","2.44","224"
2011,"71308","NEOCALIGUS","2011-08-03","2011-08-22","01","28","23","2011-08-09","49.393233","-123.489383","49.397316","-123.483050","52.000000",121,"13/0","2.44","225"
2011,"71308","NEOCALIGUS","2011-08-03","2011-08-22","01","28","24","2011-08-09","49.527833","-123.472683","49.531116","-123.463316","60.000000",93,"13/0","2.44","225"
2011,"71308","NEOCALIGUS","2011-08-03","2011-08-22","01","28","25","2011-08-09","49.495266","-123.446350","49.500366","-123.451100","95.000000",128,"13/0","2.44","224"
2011,"71308","NEOCALIGUS","2011-08-03","2011-08-22","01","29","26","2011-08-10","49.346500","-123.464166","49.345750","-123.455083","55.000000",121,"13/0","2.44","225"
2011,"71308","NEOCALIGUS","2011-08-03","2011-08-22","01","29","27","2011-08-10","49.418650","-123.676216","49.422733","-123.686216","52.000000",122,"13/0","2.44","225"
2011,"71308","NEOCALIGUS","2011-08-03","2011-08-22","01","29","28","2011-08-10","49.443883","-123.762566","49.449583","-123.769400","83.000000",125,"13/0","2.44","225"
2011,"71308","NEOCALIGUS","2011-08-03","2011-08-22","01","29","29","2011-08-11","49.400633","-123.814200","49.396116","-123.807400","98.000000",128,"13/0","2.44","225"
2011,"71308","NEOCALIGUS","2011-08-03","2011-08-22","01","17","30","2011-08-11","49.461566","-123.936316","49.463366","-123.945550","83.000000",123,"13/0","2.44","225"
2011,"71308","NEOCALIGUS","2011-08-03","2011-08-22","01","16","31","2011-08-11","49.545333","-124.019116","49.551983","-124.021533","85.000000",120,"13/0","2.44","224"
2011,"71308","NEOCALIGUS","2011-08-03","2011-08-22","01","16","32","2011-08-11","49.547400","-124.158450","49.552650","-124.164583","88.000000",121,"13/0","2.44","225"
2011,"71308","NEOCALIGUS","2011-08-03","2011-08-22","01","14","33","2011-08-12","49.438983","-124.219933","49.432266","-124.217033","70.000000",122,"13/0","2.44","225"
2011,"71308","NEOCALIGUS","2011-08-03","2011-08-22","01","17","34","2011-08-12","49.313583","-124.150450","49.319683","-124.151333","53.000000",121,"13/0","2.44","225"
2011,"71308","NEOCALIGUS","2011-08-03","2011-08-22","01","14","35","2011-08-12","49.347750","-124.173350","49.353583","-124.167516","86.000000",122,"13/0","2.44","225"
2011,"71308","NEOCALIGUS","2011-08-03","2011-08-22","01","16","36","2011-08-13","49.632350","-124.282900","49.637250","-124.285350","59.000000",119,"13/0","2.44","221"
2011,"71308","NEOCALIGUS","2011-08-03","2011-08-22","01","16","37","2011-08-13","49.652133","-124.304000","49.657466","-124.309950","57.000000",124,"13/0","2.44","227"
2011,"71308","NEOCALIGUS","2011-08-03","2011-08-22","01","16","38","2011-08-13","49.751866","-124.210166","49.752000","-124.220133","80.000000",117,"13/0","2.44","225"
2011,"71308","NEOCALIGUS","2011-08-03","2011-08-22","01","16","39","2011-08-13","49.760866","-124.139016","49.761183","-124.129250","58.000000",120,"13/0","2.44","216"
2011,"71308","NEOCALIGUS","2011-08-03","2011-08-22","01","16","40","2011-08-14","49.781266","-124.003300","49.778200","-123.992966","50.000000",117,"13/0","2.44","225"
2011,"71308","NEOCALIGUS","2011-08-03","2011-08-22","01","16","41","2011-08-14","49.798516","-124.078850","49.796833","-124.086333","77.000000",118,"13/0","2.44","225"
2011,"71308","NEOCALIGUS","2011-08-03","2011-08-22","01","16","42","2011-08-14","49.698150","-124.202966","49.692566","-124.207116","65.000000",119,"13/0","2.44","225"
2011,"71308","NEOCALIGUS","2011-08-03","2011-08-22","01","16","43","2011-08-14","49.697133","-124.230466","49.701033","-124.214883","80.000000",120,"13/0","2.44","225"
2011,"71308","NEOCALIGUS","2011-08-03","2011-08-22","01","16","44","2011-08-15","49.741833","-124.223516","49.735916","-124.225616","55.000000",119,"13/0","2.44","225"
2011,"71308","NEOCALIGUS","2011-08-03","2011-08-22","01","15","45","2011-08-15","49.751266","-124.359016","49.747200","-124.351750","86.000000",118,"13/0","2.44","223"
2011,"71308","NEOCALIGUS","2011-08-03","2011-08-22","01","16","46","2011-08-15","49.728883","-124.626216","49.723166","-124.622866","80.000000",119,"13/0","2.44","219"
2011,"71308","NEOCALIGUS","2011-08-03","2011-08-22","01","15","47","2011-08-16","49.898233","-124.799450","49.895400","-124.790233","91.000000",117,"13/0","2.44","216"
2011,"71308","NEOCALIGUS","2011-08-03","2011-08-22","01","14","48","2011-08-16","49.869800","-124.826916","49.875716","-124.832416","68.000000",117,"13/0","2.44","225"
2011,"71308","NEOCALIGUS","2011-08-03","2011-08-22","01","14","49","2011-08-16","49.900383","-124.967933","49.905883","-124.974333","55.000000",119,"13/0","2.44","223"
2011,"71308","NEOCALIGUS","2011-08-03","2011-08-22","01","15","50","2011-08-17","50.303000","-124.925483","50.297283","-124.929833","79.000000",117,"13/0","2.44","223"
2011,"71308","NEOCALIGUS","2011-08-03","2011-08-22","01","15","51","2011-08-17","50.301250","-124.886050","50.302100","-124.894683","60.000000",121,"13/0","2.44","224"
2011,"71308","NEOCALIGUS","2011-08-03","2011-08-22","01","15","52","2011-08-17","50.287050","-124.635983","50.293633","-124.636416","96.000000",117,"13/0","2.44","223"
2011,"71308","NEOCALIGUS","2011-08-03","2011-08-22","01","15","53","2011-08-17","50.201383","-124.607766","50.198516","-124.616833","61.000000",119,"13/0","2.44","225"
2011,"71308","NEOCALIGUS","2011-08-03","2011-08-22","01","15","54","2011-08-18","50.172850","-124.752900","50.167000","-124.750966","70.000000",117,"13/0","2.44","225"
2011,"71308","NEOCALIGUS","2011-08-03","2011-08-22","01","15","55","2011-08-18","50.213133","-124.767650","50.216050","-124.776100","78.000000",118,"13/0","2.44","225"
2011,"71308","NEOCALIGUS","2011-08-03","2011-08-22","01","15","56","2011-08-18","50.229050","-124.819433","50.234916","-124.821200","90.000000",117,"13/0","2.44","225"
2011,"71308","NEOCALIGUS","2011-08-03","2011-08-22","01","15","57","2011-08-18","50.195183","-124.743233","50.190533","-124.738133","92.000000",121,"13/0","2.44","225"
2011,"71308","NEOCALIGUS","2011-08-03","2011-08-22","01","15","58","2011-08-19","50.096783","-124.899483","50.102916","-124.899700","63.000000",121,"13/0","2.44","223"
2011,"71308","NEOCALIGUS","2011-08-03","2011-08-22","01","15","59","2011-08-19","50.076600","-124.885983","50.070933","-124.883016","61.000000",117,"13/0","2.44","224"
2011,"71308","NEOCALIGUS","2011-08-03","2011-08-22","01","15","60","2011-08-19","50.050583","-124.838616","50.056933","-124.838850","58.000000",117,"13/0","2.44","225"
2011,"71308","NEOCALIGUS","2011-08-03","2011-08-22","01","15","61","2011-08-19","50.072583","-124.806983","50.068000","-124.802450","60.000000",119,"13/0","2.44","224"
2011,"71308","NEOCALIGUS","2011-08-03","2011-08-22","01","15","62","2011-08-20","50.040883","-124.873900","50.035433","-124.869250","87.000000",118,"13/0","2.44","225"
2011,"71308","NEOCALIGUS","2011-08-03","2011-08-22","01","15","63","2011-08-20","50.049033","-124.936433","50.048100","-124.944383","60.000000",118,"13/0","2.44","225"
2011,"71308","NEOCALIGUS","2011-08-03","2011-08-22","01","14","64","2011-08-20","49.886416","-125.101166","49.880750","-125.095883","68.000000",119,"13/0","2.44","226"
2011,"71308","NEOCALIGUS","2011-08-03","2011-08-22","01","14","65","2011-08-20","49.838583","-125.025316","49.832816","-125.018866","85.000000",128,"13/0","2.44","225"
2011,"71308","NEOCALIGUS","2011-08-03","2011-08-22","01","14","66","2011-08-21","49.755066","-124.860483","49.757966","-124.869000","88.000000",115,"13/0","2.44","225"
2011,"71308","NEOCALIGUS","2011-08-03","2011-08-22","01","14","67","2011-08-21","49.774466","-124.909100","49.779366","-124.918083","70.000000",119,"13/0","2.44","225"
2011,"71308","NEOCALIGUS","2011-08-03","2011-08-22","01","14","68","2011-08-21","49.525583","-124.576966","49.523300","-124.568183","49.000000",121,"13/0","2.44","225"
2011,"71308","NEOCALIGUS","2011-08-03","2011-08-22","01","14","69","2011-08-22","49.616333","-124.786583","49.623666","-124.795100","77.000000",119,"13/0","2.44","220"
2013,"74450","NEOCALIGUS","2013-08-06","2013-08-25","01","14","1","2013-08-07","49.377433","-124.375883","49.375450","-124.367033","62.000000",120,"13/0","2.44","225"
2013,"74450","NEOCALIGUS","2013-08-06","2013-08-25","01","14","2","2013-08-07","49.430716","-124.219950","49.427250","-124.212316","62.000000",124,"13/0","2.44","222"
2013,"74450","NEOCALIGUS","2013-08-06","2013-08-25","01","14","3","2013-08-07","49.473316","-124.362400","49.471750","-124.353666","55.000000",122,"13/0","2.44","225"
2013,"74450","NEOCALIGUS","2013-08-06","2013-08-25","01","14","4","2013-08-07","49.491566","-124.403233","49.494166","-124.410583","83.000000",125,"13/0","2.44","224"
2013,"74450","NEOCALIGUS","2013-08-06","2013-08-25","01","14","5","2013-08-08","49.557133","-124.658650","49.555833","-124.650716","52.000000",118,"13/0","2.44","222"
2013,"74450","NEOCALIGUS","2013-08-06","2013-08-25","01","14","6","2013-08-08","49.610616","-124.719116","49.606616","-124.713533","93.000000",121,"13/0","2.44","225"
2013,"74450","NEOCALIGUS","2013-08-06","2013-08-25","01","16","7","2013-08-08","49.659083","-124.479866","49.653616","-124.478633","58.000000",124,"13/0","2.44","225"
2013,"74450","NEOCALIGUS","2013-08-06","2013-08-25","01","16","8","2013-08-08","49.680066","-124.522866","49.684483","-124.527450","86.000000",117,"13/0","2.44","227"
2013,"74450","NEOCALIGUS","2013-08-06","2013-08-25","01","15","9","2013-08-09","49.887183","-124.764616","49.884816","-124.772433","63.000000",124,"13/0","2.44","224"
2013,"74450","NEOCALIGUS","2013-08-06","2013-08-25","01","14","10","2013-08-09","49.900650","-124.968483","49.905150","-124.973300","59.000000",143,"13/0","2.44","224"
2013,"74450","NEOCALIGUS","2013-08-06","2013-08-25","01","14","11","2013-08-09","49.870450","-125.073066","49.875483","-125.079066","85.000000",121,"13/0","2.44","234"
2013,"74450","NEOCALIGUS","2013-08-06","2013-08-25","01","14","12","2013-08-09","49.886933","-125.077100","49.887766","-125.086150","95.000000",123,"13/0","2.44","221"
2013,"74450","NEOCALIGUS","2013-08-06","2013-08-25","01","15","13","2013-08-10","50.155066","-124.906583","50.159283","-124.911000","61.000000",121,"13/0","2.44","225"
2013,"74450","NEOCALIGUS","2013-08-06","2013-08-25","01","15","14","2013-08-10","50.272000","-124.961133","50.275300","-124.956116","82.000000",122,"13/0","2.44","226"
2013,"74450","NEOCALIGUS","2013-08-06","2013-08-25","01","15","15","2013-08-10","50.325083","-124.940133","50.327750","-124.947633","77.000000",122,"13/0","2.44","223"
2013,"74450","NEOCALIGUS","2013-08-06","2013-08-25","01","15","16","2013-08-10","50.311816","-124.818633","50.313950","-124.811083","59.000000",120,"13/0","2.44","225"
2013,"74450","NEOCALIGUS","2013-08-06","2013-08-25","01","15","17","2013-08-11","50.261816","-124.621100","50.258050","-124.616700","94.000000",124,"13/0","2.44","225"
2013,"74450","NEOCALIGUS","2013-08-06","2013-08-25","01","15","18","2013-08-11","50.212100","-124.647283","50.207333","-124.648816","80.000000",122,"13/0","2.44","225"
2013,"74450","NEOCALIGUS","2013-08-06","2013-08-25","01","15","19","2013-08-11","50.151483","-124.766683","50.148216","-124.772633","55.000000",121,"13/0","2.44","227"
2013,"74450","NEOCALIGUS","2013-08-06","2013-08-25","01","15","20","2013-08-11","50.117100","-124.899516","50.122916","-124.900283","92.000000",128,"13/0","2.44","225"
2013,"74450","NEOCALIGUS","2013-08-06","2013-08-25","01","15","21","2013-08-12","49.954450","-124.733683","49.958616","-124.740050","56.000000",120,"13/0","2.44","225"
2013,"74450","NEOCALIGUS","2013-08-06","2013-08-25","01","15","22","2013-08-12","49.903166","-124.716983","49.907683","-124.712266","69.000000",123,"13/0","2.44","222"
2013,"74450","NEOCALIGUS","2013-08-06","2013-08-25","01","15","23","2013-08-12","49.817366","-124.668383","49.812350","-124.665516","88.000000",119,"13/0","2.44","225"
2013,"74450","NEOCALIGUS","2013-08-06","2013-08-25","01","15","24","2013-08-12","49.857316","-124.554516","49.852533","-124.550866","59.000000",120,"13/0","2.44","225"
2013,"74450","NEOCALIGUS","2013-08-06","2013-08-25","01","15","25","2013-08-13","49.823750","-124.537433","49.829200","-124.539166","91.000000",119,"13/0","2.44","223"
2013,"74450","NEOCALIGUS","2013-08-06","2013-08-25","01","15","26","2013-08-13","49.788200","-124.487183","49.789850","-124.496633","83.000000",121,"13/0","2.44","225"
2013,"74450","NEOCALIGUS","2013-08-06","2013-08-25","01","15","27","2013-08-13","49.728700","-124.419916","49.730133","-124.428583","86.000000",121,"13/0","2.44","225"
2013,"74450","NEOCALIGUS","2013-08-06","2013-08-25","01","15","28","2013-08-13","49.756033","-124.314683","49.754016","-124.306700","61.000000",119,"13/0","2.44","226"
2013,"74450","NEOCALIGUS","2013-08-06","2013-08-25","01","16","29","2013-08-14","49.720500","-124.227233","49.725483","-124.227200","85.000000",122,"13/0","2.44","224"
2013,"74450","NEOCALIGUS","2013-08-06","2013-08-25","01","16","30","2013-08-14","49.779933","-124.150116","49.779550","-124.142566","70.000000",119,"13/0","2.44","225"
2013,"74450","NEOCALIGUS","2013-08-06","2013-08-25","01","16","31","2013-08-14","49.806066","-123.978850","49.804183","-123.970883","81.000000",119,"13/0","2.44","225"
2013,"74450","NEOCALIGUS","2013-08-06","2013-08-25","01","16","32","2013-08-14","49.766033","-123.998450","49.762883","-124.004216","62.000000",121,"13/0","2.44","225"
2013,"74450","NEOCALIGUS","2013-08-06","2013-08-25","01","16","33","2013-08-15","49.651866","-124.303416","49.656150","-124.308516","53.000000",120,"13/0","2.44","225"
2013,"74450","NEOCALIGUS","2013-08-06","2013-08-25","01","16","34","2013-08-15","49.590466","-124.220733","49.594383","-124.227350","63.000000",118,"13/0","2.44","223"
2013,"74450","NEOCALIGUS","2013-08-06","2013-08-25","01","16","35","2013-08-15","49.601350","-124.059433","49.605616","-124.064266","84.000000",121,"13/0","2.44","221"
2013,"74450","NEOCALIGUS","2013-08-06","2013-08-25","01","16","36","2013-08-15","49.569600","-124.045083","49.575283","-124.047333","84.000000",120,"13/0","2.44","225"
2013,"74450","NEOCALIGUS","2013-08-06","2013-08-25","01","16","37","2013-08-16","49.547316","-124.041366","49.542183","-124.039183","97.000000",122,"13/0","2.44","223"
2013,"74450","NEOCALIGUS","2013-08-06","2013-08-25","01","28","38","2013-08-17","49.359783","-123.332316","49.354733","-123.335533","54.000000",120,"13/0","2.44","224"
2013,"74450","NEOCALIGUS","2013-08-06","2013-08-25","01","28","39","2013-08-17","49.490116","-123.250266","49.495483","-123.249550","86.000000",123,"13/0","2.44","223"
2013,"74450","NEOCALIGUS","2013-08-06","2013-08-25","01","28","40","2013-08-17","49.552483","-123.265000","49.555650","-123.271500","60.000000",121,"13/0","2.44","219"
2013,"74450","NEOCALIGUS","2013-08-06","2013-08-25","01","28","41","2013-08-18","49.533950","-123.388983","49.530416","-123.394983","84.000000",122,"13/0","2.44","225"
2013,"74450","NEOCALIGUS","2013-08-06","2013-08-25","01","28","42","2013-08-18","49.552750","-123.353316","49.553733","-123.360433","93.000000",121,"13/0","2.44","227"
2013,"74450","NEOCALIGUS","2013-08-06","2013-08-25","01","28","43","2013-08-18","49.569400","-123.290266","49.574950","-123.290100","67.000000",121,"13/0","2.44","224"
2013,"74450","NEOCALIGUS","2013-08-06","2013-08-25","01","28","44","2013-08-18","49.584033","-123.270233","49.588033","-123.265366","58.000000",122,"13/0","2.44","225"
2013,"74450","NEOCALIGUS","2013-08-06","2013-08-25","01","29","45","2013-08-19","49.404483","-123.609550","49.404833","-123.619800","59.000000",124,"13/0","2.44","225"
2013,"74450","NEOCALIGUS","2013-08-06","2013-08-25","01","29","46","2013-08-19","49.411800","-123.655416","49.409733","-123.647216","64.000000",121,"13/0","2.44","224"
2013,"74450","NEOCALIGUS","2013-08-06","2013-08-25","01","17","47","2013-08-19","49.272400","-124.065416","49.276866","-124.065200","62.000000",122,"13/0","2.44","225"
2013,"74450","NEOCALIGUS","2013-08-06","2013-08-25","01","17","48","2013-08-20","49.168816","-123.717533","49.167783","-123.706766","84.000000",121,"13/0","2.44","224"
2013,"74450","NEOCALIGUS","2013-08-06","2013-08-25","01","29","49","2013-08-20","49.138400","-123.644016","49.131850","-123.645100","61.000000",120,"13/0","2.44","225"
2013,"74450","NEOCALIGUS","2013-08-06","2013-08-25","01","29","50","2013-08-20","49.083166","-123.637116","49.078483","-123.632066","51.000000",124,"13/0","2.44","225"
2013,"74450","NEOCALIGUS","2013-08-06","2013-08-25","01","29","51","2013-08-20","49.019183","-123.563966","49.014433","-123.557933","86.000000",128,"13/0","2.44","225"
2013,"74450","NEOCALIGUS","2013-08-06","2013-08-25","01","17","52","2013-08-21","49.116500","-123.715266","49.120616","-123.720116","50.000000",120,"13/0","2.44","222"
2013,"74450","NEOCALIGUS","2013-08-06","2013-08-25","01","17","53","2013-08-21","49.144700","-123.829783","49.142816","-123.821683","60.000000",125,"13/0","2.44","225"
2013,"74450","NEOCALIGUS","2013-08-06","2013-08-25","01","17","54","2013-08-21","49.183650","-123.897700","49.177400","-123.898933","55.000000",124,"13/0","2.44","225"
2013,"74450","NEOCALIGUS","2013-08-06","2013-08-25","01","17","55","2013-08-22","48.925766","-123.647050","48.921716","-123.640950","86.000000",122,"13/0","2.44","222"
2013,"74450","NEOCALIGUS","2013-08-06","2013-08-25","01","18","56","2013-08-22","48.763233","-123.577750","48.758566","-123.574166","55.000000",123,"13/0","2.44","225"
2013,"74450","NEOCALIGUS","2013-08-06","2013-08-25","01","18","57","2013-08-22","48.717100","-123.537066","48.713316","-123.530433","80.000000",122,"13/0","2.44","235"
2013,"74450","NEOCALIGUS","2013-08-06","2013-08-25","01","19","59","2013-08-23","48.649383","-123.278800","48.656283","-123.276166","59.000000",123,"13/0","2.44","225"
2013,"74450","NEOCALIGUS","2013-08-06","2013-08-25","01","18","60","2013-08-23","48.696600","-123.311250","48.701750","-123.315350","60.000000",123,"13/0","2.44","225"
2013,"74450","NEOCALIGUS","2013-08-06","2013-08-25","01","18","61","2013-08-24","48.745983","-123.396833","48.742800","-123.403833","47.000000",124,"13/0","2.44","219"
2013,"74450","NEOCALIGUS","2013-08-06","2013-08-25","01","18","62","2013-08-24","48.820633","-123.332566","48.815550","-123.331550","82.000000",121,"13/0","2.44","224"
2013,"74450","NEOCALIGUS","2013-08-06","2013-08-25","01","18","63","2013-08-24","48.854850","-123.378500","48.851833","-123.371433","54.000000",122,"13/0","2.44","223"
2013,"74450","NEOCALIGUS","2013-08-06","2013-08-25","01","18","64","2013-08-24","48.867250","-123.388833","48.864166","-123.382166","44.000000",121,"13/0","2.44","225"
2013,"74450","NEOCALIGUS","2013-08-06","2013-08-25","01","18","65","2013-08-25","48.855200","-123.217800","48.859316","-123.224683","93.000000",121,"13/0","2.44","234"
2013,"74450","NEOCALIGUS","2013-08-06","2013-08-25","01","17","66","2013-08-25","48.894416","-123.437600","48.890916","-123.430850","62.000000",122,"13/0","2.44","225"
2013,"74450","NEOCALIGUS","2013-08-06","2013-08-25","01","17","67","2013-08-25","49.035100","-123.723783","49.039583","-123.719066","63.000000",119,"13/0","2.44","224"
2015,"78090","NEOCALIGUS","2015-08-01","2015-08-20","01","17","1","2015-08-01","48.854483","-123.609383","48.851250","-123.597966","58.000000",119,"13/0","2.44","222"
2015,"78090","NEOCALIGUS","2015-08-01","2015-08-20","01","18","2","2015-08-02","48.801966","-123.563933","48.806400","-123.573833","81.000000",120,"13/0","2.44","223"
2015,"78090","NEOCALIGUS","2015-08-01","2015-08-20","01","18","3","2015-08-02","48.746366","-123.579083","48.751350","-123.589383","49.000000",121,"13/0","2.44","222"
2015,"78090","NEOCALIGUS","2015-08-01","2015-08-20","01","18","4","2015-08-02","48.698316","-123.505700","48.705066","-123.507200","69.000000",121,"13/0","2.44","224"
2015,"78090","NEOCALIGUS","2015-08-01","2015-08-20","01","18","5","2015-08-02","48.705250","-123.452466","48.709600","-123.442966","50.000000",122,"13/0","2.44","223"
2015,"78090","NEOCALIGUS","2015-08-01","2015-08-20","01","19","6","2015-08-03","48.522533","-123.253700","48.516666","-123.248450","85.000000",121,"13/0","2.44","223"
2015,"78090","NEOCALIGUS","2015-08-01","2015-08-20","01","19","7","2015-08-03","48.468533","-123.221000","48.461616","-123.220600","56.000000",121,"13/0","2.44","219"
2015,"78090","NEOCALIGUS","2015-08-01","2015-08-20","01","18","8","2015-08-03","48.701100","-123.294000","48.705050","-123.288616","77.000000",120,"13/0","2.44","218"
2015,"78090","NEOCALIGUS","2015-08-01","2015-08-20","01","18","9","2015-08-04","48.800050","-123.372666","48.797116","-123.366416","52.000000",121,"13/0","2.44","220"
2015,"78090","NEOCALIGUS","2015-08-01","2015-08-20","01","18","10","2015-08-04","48.755066","-123.377316","48.761933","-123.373083","57.000000",120,"13/0","2.44","225"
2015,"78090","NEOCALIGUS","2015-08-01","2015-08-20","01","18","11","2015-08-04","48.856083","-123.232933","48.859083","-123.236666","82.000000",121,"13/0","2.44","222"
2015,"78090","NEOCALIGUS","2015-08-01","2015-08-20","01","29","12","2015-08-04","48.912283","-123.364566","48.914383","-123.375066","60.000000",138,"13/0","2.44","224"
2015,"78090","NEOCALIGUS","2015-08-01","2015-08-20","01","17","13","2015-08-05","48.978683","-123.756733","48.980583","-123.748550","54.000000",120,"13/0","2.44","227"
2015,"78090","NEOCALIGUS","2015-08-01","2015-08-20","01","17","14","2015-08-05","49.063716","-123.723750","49.062383","-123.715533","58.000000",121,"13/0","2.44","216"
2015,"78090","NEOCALIGUS","2015-08-01","2015-08-20","01","17","15","2015-08-05","49.058283","-123.672016","49.064083","-123.671516","54.000000",121,"13/0","2.44","226"
2015,"78090","NEOCALIGUS","2015-08-01","2015-08-20","01","17","16","2015-08-05","49.087516","-123.774050","49.091550","-123.779866","61.000000",120,"13/0","2.44","224"
2015,"78090","NEOCALIGUS","2015-08-01","2015-08-20","01","17","17","2015-08-06","49.204800","-123.843716","49.203583","-123.835400","59.000000",119,"13/0","2.44","221"
2015,"78090","NEOCALIGUS","2015-08-01","2015-08-20","01","17","18","2015-08-06","49.211633","-123.872983","49.216533","-123.876616","94.000000",119,"13/0","2.44","223"
2015,"78090","NEOCALIGUS","2015-08-01","2015-08-20","01","17","19","2015-08-06","49.269533","-124.050016","49.267716","-124.059083","83.000000",118,"13/0","2.44","222"
2015,"78090","NEOCALIGUS","2015-08-01","2015-08-20","01","14","20","2015-08-06","49.320533","-124.233150","49.326083","-124.238183","64.000000",119,"13/0","2.44","225"
2015,"78090","NEOCALIGUS","2015-08-01","2015-08-20","01","16","21","2015-08-07","49.519566","-124.314750","49.517683","-124.306000","64.000000",119,"13/0","2.44","223"
2015,"78090","NEOCALIGUS","2015-08-01","2015-08-20","01","16","22","2015-08-07","49.491166","-124.123100","49.497350","-124.123750","68.000000",120,"13/0","2.44","222"
2015,"78090","NEOCALIGUS","2015-08-01","2015-08-20","01","16","23","2015-08-07","49.512183","-124.128400","49.517633","-124.131150","55.000000",119,"13/0","2.44","221"
2015,"78090","NEOCALIGUS","2015-08-01","2015-08-20","01","16","24","2015-08-08","49.543500","-123.989116","49.538600","-123.984166","50.000000",120,"13/0","2.44","223"
2015,"78090","NEOCALIGUS","2015-08-01","2015-08-20","01","16","25","2015-08-08","49.483533","-124.000633","49.480400","-123.991450","93.000000",119,"13/0","2.44","224"
2015,"78090","NEOCALIGUS","2015-08-01","2015-08-20","01","29","26","2015-08-08","49.456816","-123.778500","49.462166","-123.779333","55.000000",121,"13/0","2.44","221"
2015,"78090","NEOCALIGUS","2015-08-01","2015-08-20","01","28","27","2015-08-09","49.483000","-123.471516","49.488266","-123.471633","50.000000",117,"13/0","2.44","225"
2015,"78090","NEOCALIGUS","2015-08-01","2015-08-20","01","28","28","2015-08-09","49.553950","-123.362266","49.553383","-123.353516","76.000000",119,"13/0","2.44","224"
2015,"78090","NEOCALIGUS","2015-08-01","2015-08-20","01","28","29","2015-08-09","49.517666","-123.352383","49.523650","-123.354216","83.000000",120,"13/0","2.44","224"
2015,"78090","NEOCALIGUS","2015-08-01","2015-08-20","01","28","30","2015-08-09","49.532233","-123.256200","49.527533","-123.260566","56.000000",120,"13/0","2.44","224"
2015,"78090","NEOCALIGUS","2015-08-01","2015-08-20","01","29","31","2015-08-11","49.333116","-123.410283","49.332700","-123.399483","53.000000",120,"13/0","2.44","211"
2015,"78090","NEOCALIGUS","2015-08-01","2015-08-20","01","28","32","2015-08-11","49.391133","-123.411033","49.386416","-123.417666","77.000000",124,"13/0","2.44","222"
2015,"78090","NEOCALIGUS","2015-08-01","2015-08-20","01","16","33","2015-08-12","49.731000","-124.050900","49.736183","-124.055516","89.000000",120,"13/0","2.44","224"
2015,"78090","NEOCALIGUS","2015-08-01","2015-08-20","01","16","34","2015-08-12","49.780133","-124.136483","49.781883","-124.127550","84.000000",119,"13/0","2.44","225"
2015,"78090","NEOCALIGUS","2015-08-01","2015-08-20","01","15","35","2015-08-12","49.761100","-124.348850","49.760783","-124.358300","52.000000",121,"13/0","2.44","224"
2015,"78090","NEOCALIGUS","2015-08-01","2015-08-20","01","16","36","2015-08-13","49.621333","-124.263750","49.614766","-124.257666","92.000000",122,"13/0","2.44","224"
2015,"78090","NEOCALIGUS","2015-08-01","2015-08-20","01","16","37","2015-08-13","49.655316","-124.307316","49.650483","-124.302333","59.000000",120,"13/0","2.44","226"
2015,"78090","NEOCALIGUS","2015-08-01","2015-08-20","01","16","38","2015-08-13","49.595816","-124.230233","49.599150","-124.237816","91.000000",121,"13/0","2.44","218"
2015,"78090","NEOCALIGUS","2015-08-01","2015-08-20","01","15","39","2015-08-13","49.788666","-124.484900","49.789750","-124.495000","76.000000",121,"13/0","2.44","224"
2015,"78090","NEOCALIGUS","2015-08-01","2015-08-20","01","15","40","2015-08-13","49.791350","-124.592766","49.785866","-124.589300","83.000000",121,"13/0","2.44","224"
2015,"78090","NEOCALIGUS","2015-08-01","2015-08-20","01","16","41","2015-08-14","49.713266","-124.600483","49.709833","-124.592800","86.000000",122,"13/0","2.44","224"
2015,"78090","NEOCALIGUS","2015-08-01","2015-08-20","01","15","42","2015-08-14","49.845483","-124.547683","49.840616","-124.542433","85.000000",119,"13/0","2.44","225"
2015,"78090","NEOCALIGUS","2015-08-01","2015-08-20","01","15","43","2015-08-14","49.854033","-124.551583","49.849966","-124.544600","52.000000",119,"13/0","2.44","222"
2015,"78090","NEOCALIGUS","2015-08-01","2015-08-20","01","15","44","2015-08-15","49.888283","-124.621283","49.894500","-124.629866","66.000000",119,"13/0","2.44","225"
2015,"78090","NEOCALIGUS","2015-08-01","2015-08-20","01","15","45","2015-08-15","49.884166","-124.755600","49.887116","-124.763250","57.000000",120,"13/0","2.44","223"
2015,"78090","NEOCALIGUS","2015-08-01","2015-08-20","01","15","46","2015-08-15","49.972383","-124.776350","49.976966","-124.783716","85.000000",119,"13/0","2.44","224"
2015,"78090","NEOCALIGUS","2015-08-01","2015-08-20","01","15","48","2015-08-16","50.237683","-124.610500","50.232983","-124.614850","89.000000",120,"13/0","2.44","225"
2015,"78090","NEOCALIGUS","2015-08-01","2015-08-20","01","15","49","2015-08-16","50.184033","-124.756350","50.189633","-124.760033","86.000000",119,"13/0","2.44","224"
2015,"78090","NEOCALIGUS","2015-08-01","2015-08-20","01","15","50","2015-08-17","50.322616","-124.892600","50.317233","-124.887733","86.000000",121,"13/0","2.44","225"
2015,"78090","NEOCALIGUS","2015-08-01","2015-08-20","01","15","51","2015-08-17","50.237666","-124.990100","50.240183","-124.998666","84.000000",119,"13/0","2.44","226"
2015,"78090","NEOCALIGUS","2015-08-01","2015-08-20","01","15","52","2015-08-17","50.190633","-124.938516","50.194583","-124.945000","60.000000",119,"13/0","2.44","222"
2015,"78090","NEOCALIGUS","2015-08-01","2015-08-20","01","15","53","2015-08-18","50.036916","-124.760216","50.040450","-124.766283","59.000000",120,"13/0","2.44","223"
2015,"78090","NEOCALIGUS","2015-08-01","2015-08-20","01","14","54","2015-08-18","49.887750","-125.100966","49.891933","-125.107733","62.000000",121,"13/0","2.44","223"
2015,"78090","NEOCALIGUS","2015-08-01","2015-08-20","01","14","55","2015-08-19","49.734650","-124.846116","49.739116","-124.848733","85.000000",120,"13/0","2.44","223"
2015,"78090","NEOCALIGUS","2015-08-01","2015-08-20","01","14","56","2015-08-19","49.686150","-124.798400","49.680250","-124.794900","84.000000",120,"13/0","2.44","225"
2015,"78090","NEOCALIGUS","2015-08-01","2015-08-20","01","14","57","2015-08-19","49.624366","-124.788600","49.629766","-124.793566","64.000000",120,"13/0","2.44","226"
2015,"78090","NEOCALIGUS","2015-08-01","2015-08-20","01","14","58","2015-08-19","49.620183","-124.743600","49.615583","-124.734916","78.000000",120,"13/0","2.44","225"
2015,"78090","NEOCALIGUS","2015-08-01","2015-08-20","01","14","59","2015-08-19","49.618616","-124.788933","49.613000","-124.782700","75.000000",121,"13/0","2.44","224"
2015,"78090","NEOCALIGUS","2015-08-01","2015-08-20","01","14","60","2015-08-20","49.502200","-124.589433","49.496633","-124.585600","65.000000",121,"13/0","2.44","223"
2015,"78090","NEOCALIGUS","2015-08-01","2015-08-20","01","14","61","2015-08-20","49.461716","-124.649233","49.456450","-124.644366","82.000000",121,"13/0","2.44","224"
2018,"84371","NEOCALIGUS","2018-08-21","2018-09-07","01","17","1","2018-08-24","48.971433","-123.715566","48.975566","-123.729400","82.000000",119,"13/0","2.44","225"
2018,"84371","NEOCALIGUS","2018-08-21","2018-09-07","01","17","2","2018-08-24","48.936766","-123.714600","48.944266","-123.719950","59.000000",116,"13/0","2.44","221"
2018,"84371","NEOCALIGUS","2018-08-21","2018-09-07","01","17","3","2018-08-24","49.033650","-123.743000","49.026066","-123.751250","46.000000",120,"13/0","2.44","227"
2018,"84371","NEOCALIGUS","2018-08-21","2018-09-07","01","17","4","2018-08-24","49.059350","-123.756783","49.052800","-123.749216","58.000000",121,"13/0","2.44","229"
2018,"84371","NEOCALIGUS","2018-08-21","2018-09-07","01","17","5","2018-08-25","48.990000","-123.621700","48.982550","-123.611116","49.000000",119,"13/0","2.44","224"
2018,"84371","NEOCALIGUS","2018-08-21","2018-09-07","01","17","6","2018-08-25","48.907650","-123.466000","48.903233","-123.454150","61.000000",120,"13/0","2.44","214"
2018,"84371","NEOCALIGUS","2018-08-21","2018-09-07","01","18","7","2018-08-25","48.846016","-123.370866","48.854333","-123.384250","61.000000",122,"13/0","2.44","215"
2018,"84371","NEOCALIGUS","2018-08-21","2018-09-07","01","18","8","2018-08-26","48.728800","-123.569266","48.721633","-123.557733","50.000000",126,"13/0","2.44","220"
2018,"84371","NEOCALIGUS","2018-08-21","2018-09-07","01","18","9","2018-08-26","48.720866","-123.401766","48.730683","-123.393133","59.000000",121,"13/0","2.44","224"
2018,"84371","NEOCALIGUS","2018-08-21","2018-09-07","01","19","10","2018-08-26","48.495266","-123.243633","48.508033","-123.243716","95.000000",118,"13/0","2.44","225"
2018,"84371","NEOCALIGUS","2018-08-21","2018-09-07","01","18","11","2018-08-27","48.801516","-123.254250","48.800083","-123.237633","56.000000",121,"13/0","2.44","224"
2018,"84371","NEOCALIGUS","2018-08-21","2018-09-07","01","18","12","2018-08-27","48.838183","-123.339666","48.827016","-123.331300","93.000000",122,"13/0","2.44","222"
2018,"84371","NEOCALIGUS","2018-08-21","2018-09-07","01","29","13","2018-08-27","48.910200","-123.359150","48.907066","-123.339650","55.000000",116,"13/0","2.44","226"
2018,"84371","NEOCALIGUS","2018-08-21","2018-09-07","01","18","14","2018-08-27","48.854583","-123.221233","48.861183","-123.230116","71.000000",124,"13/0","2.44","225"
2018,"84371","NEOCALIGUS","2018-08-21","2018-09-07","01","18","15","2018-08-28","48.813266","-123.132800","48.817266","-123.144283","95.000000",118,"13/0","2.44","225"
2018,"84371","NEOCALIGUS","2018-08-21","2018-09-07","01","18","16","2018-08-28","48.799466","-123.128350","48.803633","-123.139350","67.000000",119,"13/0","2.44","228"
2018,"84371","NEOCALIGUS","2018-08-21","2018-09-07","01","29","17","2018-08-28","48.930000","-123.411150","48.934766","-123.423916","55.000000",118,"13/0","2.44","228"
2018,"84371","NEOCALIGUS","2018-08-21","2018-09-07","01","29","18","2018-08-28","48.983033","-123.521133","48.978100","-123.512200","81.000000",119,"13/0","2.44","223"
2018,"84371","NEOCALIGUS","2018-08-21","2018-09-07","01","29","19","2018-08-29","49.083550","-123.643633","49.078100","-123.636883","43.000000",118,"13/0","2.44","224"
2018,"84371","NEOCALIGUS","2018-08-21","2018-09-07","01","17","20","2018-08-29","49.213100","-123.819250","49.214033","-123.806600","62.000000",130,"13/0","2.44","225"
2018,"84371","NEOCALIGUS","2018-08-21","2018-09-07","01","14","21","2018-08-30","49.355550","-124.166100","49.349050","-124.169266","80.000000",119,"13/0","2.44","224"
2018,"84371","NEOCALIGUS","2018-08-21","2018-09-07","01","17","22","2018-08-30","49.319416","-124.166916","49.314583","-124.159533","74.000000",119,"13/0","2.44","225"
2018,"84371","NEOCALIGUS","2018-08-21","2018-09-07","01","16","23","2018-08-30","49.500500","-124.170683","49.497383","-124.162466","51.000000",119,"13/0","2.44","224"
2018,"84371","NEOCALIGUS","2018-08-21","2018-09-07","01","16","24","2018-08-30","49.562400","-124.296933","49.555583","-124.289783","45.000000",121,"13/0","2.44","225"
2018,"84371","NEOCALIGUS","2018-08-21","2018-09-07","01","14","25","2018-08-31","49.520916","-124.560316","49.516766","-124.550166","79.000000",120,"13/0","2.44","224"
2018,"84371","NEOCALIGUS","2018-08-21","2018-09-07","01","14","26","2018-08-31","49.581783","-124.711016","49.578366","-124.698883","84.000000",130,"13/0","2.44","226"
2018,"84371","NEOCALIGUS","2018-08-21","2018-09-07","01","14","27","2018-08-31","49.576600","-124.759116","49.581716","-124.768766","53.000000",120,"13/0","2.44","223"
2018,"84371","NEOCALIGUS","2018-08-21","2018-09-07","01","14","28","2018-08-31","49.615366","-124.723350","49.608216","-124.720700","88.000000",119,"13/0","2.44","225"
2018,"84371","NEOCALIGUS","2018-08-21","2018-09-07","01","14","29","2018-09-01","49.798316","-124.983450","49.805050","-124.988500","48.000000",121,"13/0","2.44","221"
2018,"84371","NEOCALIGUS","2018-08-21","2018-09-07","01","14","30","2018-09-01","49.838766","-125.039166","49.842833","-125.049016","54.000000",120,"13/0","2.44","224"
2018,"84371","NEOCALIGUS","2018-08-21","2018-09-07","01","14","31","2018-09-01","49.868383","-125.073150","49.874200","-125.080783","77.000000",120,"13/0","2.44","223"
2018,"84371","NEOCALIGUS","2018-08-21","2018-09-07","01","14","32","2018-09-02","49.908683","-124.977483","49.914133","-124.984116","56.000000",119,"13/0","2.44","225"
2018,"84371","NEOCALIGUS","2018-08-21","2018-09-07","01","14","33","2018-09-02","49.905483","-124.973450","49.899450","-124.976300","51.000000",120,"13/0","2.44","221"
2018,"84371","NEOCALIGUS","2018-08-21","2018-09-07","01","15","34","2018-09-02","49.867166","-124.783783","49.865800","-124.771583","51.000000",120,"13/0","2.44","224"
2018,"84371","NEOCALIGUS","2018-08-21","2018-09-07","01","15","35","2018-09-02","49.876533","-124.631766","49.882883","-124.639500","80.000000",120,"13/0","2.44","224"
2018,"84371","NEOCALIGUS","2018-08-21","2018-09-07","01","16","36","2018-09-03","49.691166","-124.341233","49.684066","-124.335616","75.000000",119,"13/0","2.44","223"
2018,"84371","NEOCALIGUS","2018-08-21","2018-09-07","01","15","37","2018-09-03","49.761433","-124.352616","49.762033","-124.363950","49.000000",122,"13/0","2.44","225"
2018,"84371","NEOCALIGUS","2018-08-21","2018-09-07","01","15","38","2018-09-03","49.750683","-124.514416","49.754416","-124.524466","83.000000",119,"13/0","2.44","222"
2018,"84371","NEOCALIGUS","2018-08-21","2018-09-07","01","15","39","2018-09-03","49.775566","-124.578916","49.781216","-124.586900","61.000000",119,"13/0","2.44","224"
2018,"84371","NEOCALIGUS","2018-08-21","2018-09-07","01","16","40","2018-09-04","49.652283","-124.304633","49.658733","-124.312033","47.000000",119,"13/0","2.44","223"
2018,"84371","NEOCALIGUS","2018-08-21","2018-09-07","01","16","41","2018-09-04","49.615066","-124.257266","49.621466","-124.263883","87.000000",119,"13/0","2.44","225"
2018,"84371","NEOCALIGUS","2018-08-21","2018-09-07","01","16","42","2018-09-04","49.641416","-124.291466","49.636300","-124.284300","56.000000",120,"13/0","2.44","221"
2018,"84371","NEOCALIGUS","2018-08-21","2018-09-07","01","16","43","2018-09-04","49.610466","-124.252600","49.604516","-124.245733","86.000000",116,"13/0","2.44","223"
2018,"84371","NEOCALIGUS","2018-08-21","2018-09-07","01","16","44","2018-09-04","49.652133","-124.076933","49.658333","-124.075800","61.000000",135,"13/0","2.44","224"
2018,"84371","NEOCALIGUS","2018-08-21","2018-09-07","01","16","45","2018-09-05","49.563850","-124.025100","49.570866","-124.028183","73.000000",120,"13/0","2.44","222"
2018,"84371","NEOCALIGUS","2018-08-21","2018-09-07","01","16","46","2018-09-05","49.547116","-124.022550","49.553100","-124.027150","54.000000",119,"13/0","2.44","221"
2018,"84371","NEOCALIGUS","2018-08-21","2018-09-07","01","16","47","2018-09-05","49.527650","-123.975166","49.533516","-123.980316","78.000000",119,"13/0","2.44","225"
2018,"84371","NEOCALIGUS","2018-08-21","2018-09-07","01","16","48","2018-09-05","49.506400","-123.916866","49.498516","-123.916783","62.000000",120,"13/0","2.44","223"
2018,"84371","NEOCALIGUS","2018-08-21","2018-09-07","01","29","49","2018-09-06","49.425183","-123.698733","49.427033","-123.707983","61.000000",120,"13/0","2.44","223"
2018,"84371","NEOCALIGUS","2018-08-21","2018-09-07","01","28","50","2018-09-06","49.484783","-123.446716","49.478500","-123.452533","54.000000",121,"13/0","2.44","222"
2018,"84371","NEOCALIGUS","2018-08-21","2018-09-07","01","28","51","2018-09-06","49.536450","-123.451200","49.532116","-123.459016","49.000000",120,"13/0","2.44","227"
2018,"84371","NEOCALIGUS","2018-08-21","2018-09-07","01","28","52","2018-09-07","49.534933","-123.289683","49.528900","-123.288683","52.000000",119,"13/0","2.44","221"
2018,"84371","NEOCALIGUS","2018-08-21","2018-09-07","01","28","53","2018-09-07","49.568783","-123.283450","49.574216","-123.276800","87.000000",120,"13/0","2.44","226"
2018,"84371","NEOCALIGUS","2018-08-21","2018-09-07","01","28","54","2018-09-07","49.526816","-123.261450","49.533433","-123.255883","70.000000",119,"13/0","2.44","223"
2018,"84371","NEOCALIGUS","2018-08-21","2018-09-07","01","28","55","2018-09-07","49.386233","-123.410816","49.380383","-123.417033","84.000000",119,"13/0","2.44","225"
